did,tmTTN,tmdata,lat,lng,alt,spd,deg,dir,satNum,rxs,voltageBattery,voltageSolar,txCount,rxCount,txPeriodMinutes,charging
2,1698069088,-86400,666,666,-666,-666,-666,N/A,0,1,3723,4,22,169,2,1
2,1698069098,-86400,666,666,-666,-666,-666,N/A,0,1,3723,4,22,169,2,1
2,1698069365,-86400,666,666,-666,-666,-666,N/A,0,1,3694,1,24,169,2,1
2,1698069375,-86400,666,666,-666,-666,-666,N/A,0,1,3694,1,24,169,2,1
2,1698069642,-86400,666,666,-666,-666,-666,N/A,0,1,3725,3,26,169,2,1
2,1698069652,-86400,666,666,-666,-666,-666,N/A,0,1,3725,3,26,169,2,1
2,1698069919,-86400,666,666,-666,-666,-666,N/A,0,1,3738,3,28,169,2,1
2,1698069933,-86400,666,666,-666,-666,-666,N/A,0,1,3738,3,28,169,2,1
2,1698070197,-86400,666,666,-666,-666,-666,N/A,0,1,3731,1,30,169,2,1
2,1698070207,-86400,666,666,-666,-666,-666,N/A,0,1,3731,1,30,169,2,1
2,1698070474,-86400,666,666,-666,-666,-666,N/A,0,1,3761,3,32,169,2,1
2,1698070484,-86400,666,666,-666,-666,-666,N/A,0,1,3761,3,32,169,2,1
2,1698070752,-86400,666,666,-666,-666,-666,N/A,0,1,3710,1,34,169,2,1
2,1698070762,-86400,666,666,-666,-666,-666,N/A,0,1,3710,1,34,169,2,1
2,1698071029,-86400,666,666,-666,-666,-666,N/A,0,1,3707,1,36,169,2,1
2,1698071039,-86400,666,666,-666,-666,-666,N/A,0,1,3707,1,36,169,2,1
2,1698071306,-86400,666,666,-666,-666,-666,N/A,0,1,3718,3,38,169,2,1
2,1698071316,-86400,666,666,-666,-666,-666,N/A,0,1,3718,3,38,169,2,1
2,1698071584,-86400,666,666,-666,-666,-666,N/A,0,1,3713,1,40,169,2,1
2,1698071594,-86400,666,666,-666,-666,-666,N/A,0,1,3713,1,40,169,2,1
2,1698071861,-86400,666,666,-666,-666,-666,N/A,0,1,3639,1,42,169,2,1
2,1698071871,-86400,666,666,-666,-666,-666,N/A,0,1,3639,1,42,169,2,1
2,1698072138,-86400,666,666,-666,-666,-666,N/A,0,1,3685,1,44,169,2,1
2,1698072148,-86400,666,666,-666,-666,-666,N/A,0,1,3685,1,44,169,2,1
2,1698072416,-86400,666,666,-666,-666,-666,N/A,0,1,3690,1,46,169,2,1
2,1698072426,-86400,666,666,-666,-666,-666,N/A,0,1,3690,1,46,169,2,1
2,1698072693,-86400,666,666,-666,-666,-666,N/A,0,1,3710,1,48,169,2,1
2,1698072703,-86400,666,666,-666,-666,-666,N/A,0,1,3710,1,48,169,2,1
2,1698072970,-86400,666,666,-666,-666,-666,N/A,0,1,3705,3,50,169,2,1
2,1698072980,-86400,666,666,-666,-666,-666,N/A,0,1,3705,3,50,169,2,1
2,1698079359,-86400,666,666,-666,-666,-666,N/A,0,1,3691,3,96,169,2,1
2,1698079626,-86400,666,666,-666,-666,-666,N/A,0,1,3691,3,98,169,2,1
2,1698079636,-86400,666,666,-666,-666,-666,N/A,0,1,3691,3,98,169,2,1
2,1698079904,-86400,666,666,-666,-666,-666,N/A,0,1,3700,0,100,169,2,1
2,1698079913,-86400,666,666,-666,-666,-666,N/A,0,1,3700,0,100,169,2,1
2,1698080180,-86400,666,666,-666,-666,-666,N/A,0,1,3675,3,102,169,2,1
2,1698080190,-86400,666,666,-666,-666,-666,N/A,0,1,3675,3,102,169,2,1
2,1698080458,-86400,666,666,-666,-666,-666,N/A,0,1,3705,1,104,169,2,1
2,1698080468,-86400,666,666,-666,-666,-666,N/A,0,1,3705,1,104,169,2,1
2,1698080735,-86400,666,666,-666,-666,-666,N/A,0,1,3722,1,106,169,2,1
2,1698080745,-86400,666,666,-666,-666,-666,N/A,0,1,3722,1,106,169,2,1
2,1698081012,-86400,666,666,-666,-666,-666,N/A,0,1,3728,3,108,169,2,1
2,1698081022,-86400,666,666,-666,-666,-666,N/A,0,1,3728,3,108,169,2,1
2,1698081289,-86400,666,666,-666,-666,-666,N/A,0,1,3648,3,110,169,2,1
2,1698081300,-86400,666,666,-666,-666,-666,N/A,0,1,3648,3,110,169,2,1
2,1698081567,-86400,666,666,-666,-666,-666,N/A,0,1,3737,1,112,169,2,1
2,1698081578,-86400,666,666,-666,-666,-666,N/A,0,1,3737,1,112,169,2,1
2,1698081845,-86400,666,666,-666,-666,-666,N/A,0,1,3696,0,114,169,2,1
2,1698081855,-86400,666,666,-666,-666,-666,N/A,0,1,3696,0,114,169,2,1
2,1698082122,-86400,666,666,-666,-666,-666,N/A,0,1,3687,3,116,169,2,1
2,1698082132,-86400,666,666,-666,-666,-666,N/A,0,1,3687,3,116,169,2,1
2,1698082399,-86400,666,666,-666,-666,-666,N/A,0,1,3716,4,118,169,2,1
2,1698082409,-86400,666,666,-666,-666,-666,N/A,0,1,3716,4,118,169,2,1
2,1698082677,-86400,666,666,-666,-666,-666,N/A,0,1,3729,1,120,169,2,1
2,1698082687,-86400,666,666,-666,-666,-666,N/A,0,1,3729,1,120,169,2,1
2,1698082954,-86400,666,666,-666,-666,-666,N/A,0,1,3688,1,122,169,2,1
2,1698082964,-86400,666,666,-666,-666,-666,N/A,0,1,3688,1,122,169,2,1
2,1698083231,-86400,666,666,-666,-666,-666,N/A,0,1,3708,1,124,169,2,1
2,1698083241,-86400,666,666,-666,-666,-666,N/A,0,1,3708,1,124,169,2,1
2,1698083509,-86400,666,666,-666,-666,-666,N/A,0,1,3621,3,126,169,2,1
2,1698083519,-86400,666,666,-666,-666,-666,N/A,0,1,3621,3,126,169,2,1
2,1698083786,-86400,666,666,-666,-666,-666,N/A,0,1,3638,3,128,169,2,1
2,1698083796,-86400,666,666,-666,-666,-666,N/A,0,1,3638,3,128,169,2,1
2,1698084063,-86400,666,666,-666,-666,-666,N/A,0,1,3682,1,130,169,2,1
2,1698084073,-86400,666,666,-666,-666,-666,N/A,0,1,3682,1,130,169,2,1
2,1698084341,-86400,666,666,-666,-666,-666,N/A,0,1,3620,1,132,169,2,1
2,1698084351,-86400,666,666,-666,-666,-666,N/A,0,1,3620,1,132,169,2,1
2,1698084618,-86400,666,666,-666,-666,-666,N/A,0,1,3643,0,134,169,2,1
2,1698084628,-86400,666,666,-666,-666,-666,N/A,0,1,3643,0,134,169,2,1
2,1698084895,-86400,666,666,-666,-666,-666,N/A,0,1,3688,1,136,169,2,1
2,1698084905,-86400,666,666,-666,-666,-666,N/A,0,1,3688,1,136,169,2,1
2,1698085173,-86400,666,666,-666,-666,-666,N/A,0,1,3737,1,138,169,2,1
2,1698085183,-86400,666,666,-666,-666,-666,N/A,0,1,3737,1,138,169,2,1
2,1698085450,-86400,666,666,-666,-666,-666,N/A,0,1,3709,3,140,169,2,1
2,1698085460,-86400,666,666,-666,-666,-666,N/A,0,1,3709,3,140,169,2,1
2,1698166040,-86400,666,666,-666,-666,-666,N/A,0,1,4088,1,142,169,2,1
2,1698166051,-86400,666,666,-666,-666,-666,N/A,0,1,4088,1,142,169,2,1
2,1698166318,-86400,666,666,-666,-666,-666,N/A,0,1,4071,3,144,170,2,1
2,1698166328,-86400,666,666,-666,-666,-666,N/A,0,1,4071,3,144,170,2,1
2,1698166595,-86400,666,666,-666,-666,-666,N/A,0,1,4065,1,146,170,2,1
,,,,,,,,,,,,,,,,
2,1698167718,-86400,666,666,-666,-666,-666,N/A,0,1,4059,3,148,172,15,1
2,1698167728,-86400,666,666,-666,-666,-666,N/A,0,1,4059,3,148,172,15,1
2,1698168837,-86400,666,666,-666,-666,-666,N/A,0,1,4060,3,150,172,15,1
2,1698168848,-86400,666,666,-666,-666,-666,N/A,0,1,4060,3,150,172,15,1
2,1698169957,-86400,666,666,-666,-666,-666,N/A,0,1,4043,3,152,172,15,1
2,1698171067,-86400,666,666,-666,-666,-666,N/A,0,1,4040,3,154,172,15,1
2,1698171077,-86400,666,666,-666,-666,-666,N/A,0,1,4040,3,154,172,15,1
2,1698171087,-86400,666,666,-666,-666,-666,N/A,0,1,4040,3,154,172,15,1
2,1698172196,-86400,666,666,-666,-666,-666,N/A,0,1,4034,3,156,172,15,1
2,1698172206,-86400,666,666,-666,-666,-666,N/A,0,1,4034,3,156,172,15,1
2,1698173316,-86400,666,666,-666,-666,-666,N/A,0,1,4029,3,158,172,15,1
2,1698173326,-86400,666,666,-666,-666,-666,N/A,0,1,4029,3,158,172,15,1
2,1698250104,-86400,666,666,-666,-666,-666,N/A,0,1,4008,0,160,172,15,1
,,,,,,,,,,,,,,,,
2,1698251649,-86400,666,666,-666,-666,-666,N/A,0,1,4024,0,162,174,5,1
,,,,,,,,,,,,,,,,
2,1698254103,-86400,666,666,-666,-666,-666,N/A,0,1,4010,3803,164,176,5,1
2,1698254113,-86400,666,666,-666,-666,-666,N/A,0,1,4010,3803,164,176,5,1
2,1698254548,-86400,666,666,-666,-666,-666,N/A,0,1,4010,3162,166,177,5,1
,,,,,,,,,,,,,,,,
2,1698255345,-86400,666,666,-666,-666,-666,N/A,0,1,3998,3099,168,179,16,1
2,1698255355,-86400,666,666,-666,-666,-666,N/A,0,1,3998,3099,168,179,16,1
2,1698675284,-86400,666,666,-666,-666,-666,N/A,0,1,4026,3,0,0,60,1
2,1698675294,-86400,666,666,-666,-666,-666,N/A,0,1,4026,3,0,0,60,1
2,1698675501,-86400,666,666,-666,-666,-666,N/A,0,1,4019,3,3,0,60,1
2,1698675511,-86400,666,666,-666,-666,-666,N/A,0,1,4019,3,3,0,60,1
2,1698675761,-86400,666,666,-666,-666,-666,N/A,0,1,4036,3,5,186,60,1
2,1698675771,-86400,666,666,-666,-666,-666,N/A,0,1,4036,3,5,186,60,1
2,1698675781,-86400,666,666,-666,-666,-666,N/A,0,1,4036,3,5,186,60,1
2,1698675967,-86400,666,666,-666,-666,-666,N/A,0,1,4028,0,8,186,60,1
,,,,,,,,,,,,,,,,
,,,,,,,,,,,,,,,,
2,1698678534,-86400,666,666,-666,-666,-666,N/A,0,1,4021,3,11,191,45,1
2,1698678544,-86400,666,666,-666,-666,-666,N/A,0,1,4021,3,11,191,45,1
2,1698678554,-86400,666,666,-666,-666,-666,N/A,0,1,4021,3,11,191,45,1
2,1698767334,-86400,666,666,-666,-666,-666,N/A,0,1,4001,3,14,191,45,1
2,1698767344,-86400,666,666,-666,-666,-666,N/A,0,1,4001,3,14,191,45,1
2,1698767354,-86400,666,666,-666,-666,-666,N/A,0,1,4001,3,14,191,45,1
2,1698779196,-86400,666,666,-666,-666,-666,N/A,0,1,3681,2327,17,192,45,1
2,1698779206,-86400,666,666,-666,-666,-666,N/A,0,1,3681,2327,17,192,45,1
2,1698779216,-86400,666,666,-666,-666,-666,N/A,0,1,3681,2327,17,192,45,1
2,1698782273,-86400,666,666,-666,-666,-666,N/A,0,1,3515,2431,20,192,45,1
2,1698782283,-86400,666,666,-666,-666,-666,N/A,0,1,3515,2431,20,192,45,1
2,1698782293,-86400,666,666,-666,-666,-666,N/A,0,1,3515,2431,20,192,45,1
2,1698785348,-86400,666,666,-666,-666,-666,N/A,0,1,3543,2431,23,192,45,1
2,1698785358,-86400,666,666,-666,-666,-666,N/A,0,1,3543,2431,23,192,45,1
2,1698785368,-86400,666,666,-666,-666,-666,N/A,0,1,3543,2431,23,192,45,1
2,1698856065,1698856061,666,666,-666,-666,-666,N/A,0,1,3347,3780,56,192,45,0
,,,,,,,,,,,,,,,,
2,1698856085,1698856061,666,666,-666,-666,-666,N/A,0,1,3347,3780,56,192,45,0
2,1698856095,1698856061,666,666,-666,-666,-666,N/A,0,1,3347,3780,56,192,45,0
2,1698859151,-86400,666,666,-666,-666,-666,N/A,0,1,3315,3779,59,194,45,0
2,1698859161,-86400,666,666,-666,-666,-666,N/A,0,1,3315,3779,59,194,45,0
2,1698859172,-86400,666,666,-666,-666,-666,N/A,0,1,3315,3779,59,194,45,0
,,,,,,,,,,,,,,,,
,,,,,,,,,,,,,,,,
,,,,,,,,,,,,,,,,
,,,,,,,,,,,,,,,,
,,,,,,,,,,,,,,,,
,,,,,,,,,,,,,,,,
,,,,,,,,,,,,,,,,
2,1698859172,-86400,666,666,-666,-666,-666,N/A,0,1,3315,3779,59,194,45,0
2,1698862228,-86400,666,666,-666,-666,-666,N/A,0,1,3178,3764,62,194,45,0
2,1698862238,-86400,666,666,-666,-666,-666,N/A,0,1,3178,3764,62,194,45,0
2,1698862248,-86400,666,666,-666,-666,-666,N/A,0,1,3178,3764,62,194,45,0
2,1698859172,-86400,666,666,-666,-666,-666,N/A,0,1,3315,3779,59,194,45,0
2,1698859172,1698859172,666,666,-666,-666,-666,N/A,0,1,3315,3779,59,194,45,0
2,1698859172,1698859172,666,666,-666,-666,-666,N/A,0,1,3315,3779,59,194,45,0
2,1698859172,1698859172,666,666,-666,-666,-666,N/A,0,1,3315,3779,59,194,45,0
2,1698865303,-86400,666,666,-666,-666,-666,N/A,0,1,3282,3773,65,194,45,0
2,1698865313,-86400,666,666,-666,-666,-666,N/A,0,1,3282,3773,65,194,45,0
2,1698865323,-86400,666,666,-666,-666,-666,N/A,0,1,3282,3773,65,194,45,0
2,1698868379,1698868364,666,666,-666,-666,-666,N/A,0,1,3319,3780,68,194,45,0
2,1698868389,1698868364,666,666,-666,-666,-666,N/A,0,1,3319,3780,68,194,45,0
2,1698868399,1698868364,666,666,-666,-666,-666,N/A,0,1,3319,3780,68,194,45,0
2,1698871454,-86400,666,666,-666,-666,-666,N/A,0,1,3372,3791,71,194,45,0
2,1698871464,-86400,666,666,-666,-666,-666,N/A,0,1,3372,3791,71,194,45,0
2,1698871474,-86400,666,666,-666,-666,-666,N/A,0,1,3372,3791,71,194,45,0
2,1699007520,-86400,666,666,-666,-666,-666,N/A,0,1,4072,4973,74,194,45,0
2,1699007530,-86400,666,666,-666,-666,-666,N/A,0,1,4072,4973,74,194,45,0
2,1699007541,-86400,666,666,-666,-666,-666,N/A,0,1,4072,4973,74,194,45,0
2,1699010606,-86400,666,666,-666,-666,-666,N/A,0,1,4195,4968,77,197,45,0
2,1699010616,-86400,666,666,-666,-666,-666,N/A,0,1,4195,4968,77,197,45,0
2,1699010626,-86400,666,666,-666,-666,-666,N/A,0,1,4195,4968,77,197,45,0
2,1699013684,-86400,666,666,-666,-666,-666,N/A,0,1,3746,49,80,197,45,1
2,1699013695,-86400,666,666,-666,-666,-666,N/A,0,1,3746,49,80,197,45,1
2,1699013705,-86400,666,666,-666,-666,-666,N/A,0,1,3746,49,80,197,45,1
2,1699016761,-86400,666,666,-666,-666,-666,N/A,0,1,3628,2303,83,197,45,1
2,1699016771,-86400,666,666,-666,-666,-666,N/A,0,1,3628,2303,83,197,45,1
2,1699016781,-86400,666,666,-666,-666,-666,N/A,0,1,3628,2303,83,197,45,1
2,1699019837,-86400,666,666,-666,-666,-666,N/A,0,1,3575,2453,86,197,45,1
2,1699019848,-86400,666,666,-666,-666,-666,N/A,0,1,3575,2453,86,197,45,1
2,1699019858,-86400,666,666,-666,-666,-666,N/A,0,1,3575,2453,86,197,45,1
2,1699022915,-86400,666,666,-666,-666,-666,N/A,0,1,3544,2485,89,197,45,1
2,1699022925,-86400,666,666,-666,-666,-666,N/A,0,1,3544,2485,89,197,45,1
2,1699022935,-86400,666,666,-666,-666,-666,N/A,0,1,3544,2485,89,197,45,1
2,1699025992,-86400,666,666,-666,-666,-666,N/A,0,1,3494,2413,92,197,45,1
2,1699026002,-86400,666,666,-666,-666,-666,N/A,0,1,3494,2413,92,197,45,1
2,1699026012,-86400,666,666,-666,-666,-666,N/A,0,1,3494,2413,92,197,45,1
2,1699029069,-86400,666,666,-666,-666,-666,N/A,0,1,3803,4958,95,197,45,0
2,1699029079,-86400,666,666,-666,-666,-666,N/A,0,1,3803,4958,95,197,45,0
2,1699029089,-86400,666,666,-666,-666,-666,N/A,0,1,3803,4958,95,197,45,0
2,1699032159,-86400,666,666,-666,-666,-666,N/A,0,1,4149,4961,98,197,45,0
,,,,,,,,,,,,,,,,
2,1699032179,-86400,666,666,-666,-666,-666,N/A,0,1,4149,4961,98,197,45,0
2,1699035247,-86400,666,666,-666,-666,-666,N/A,0,1,4173,4916,101,202,45,1
,,,,,,,,,,,,,,,,
2,1699035267,-86400,666,666,-666,-666,-666,N/A,0,1,4173,4916,101,202,45,1
2,1699038203,-86400,666,666,-666,-666,-666,N/A,0,1,4170,4900,104,204,43,1
2,1699038214,-86400,666,666,-666,-666,-666,N/A,0,1,4170,4900,104,204,43,1
2,1699038224,-86400,666,666,-666,-666,-666,N/A,0,1,4170,4900,104,204,43,1
2,1699041159,-86400,666,666,-666,-666,-666,N/A,0,1,4169,4899,107,204,43,1
2,1699041169,-86400,666,666,-666,-666,-666,N/A,0,1,4169,4899,107,204,43,1
2,1699041180,-86400,666,666,-666,-666,-666,N/A,0,1,4169,4899,107,204,43,1
2,1699044115,-86400,666,666,-666,-666,-666,N/A,0,1,3923,4896,110,204,43,1
,,,,,,,,,,,,,,,,
2,1699044135,-86400,666,666,-666,-666,-666,N/A,0,1,3923,4896,110,204,43,1
2,1699282927,-86400,666,666,-666,-666,-666,N/A,0,1,3893,4964,188,208,43,0
2,1699282937,-86400,666,666,-666,-666,-666,N/A,0,1,3893,4964,188,208,43,0
2,1699282947,-86400,666,666,-666,-666,-666,N/A,0,1,3893,4964,188,208,43,0
2,1699282958,-86400,666,666,-666,-666,-666,N/A,0,1,3893,4964,188,208,43,0
2,1699285895,-86400,666,666,-666,-666,-666,N/A,0,1,4152,4950,191,209,43,0
2,1699285906,-86400,666,666,-666,-666,-666,N/A,0,1,4152,4950,191,209,43,0
2,1699285916,-86400,666,666,-666,-666,-666,N/A,0,1,4152,4950,191,209,43,0
2,1699288852,-86400,666,666,-666,-666,-666,N/A,0,1,4159,4905,194,209,43,1
2,1699288862,-86400,666,666,-666,-666,-666,N/A,0,1,4159,4905,194,209,43,1
2,1699288872,-86400,666,666,-666,-666,-666,N/A,0,1,4159,4905,194,209,43,1
2,1699291807,-86400,666,666,-666,-666,-666,N/A,0,1,4169,4896,197,209,43,1
,,,,,,,,,,,,,,,,
2,1699291827,-86400,666,666,-666,-666,-666,N/A,0,1,4169,4896,197,209,43,1
2,1699294761,-86400,666,666,-666,-666,-666,N/A,0,1,4176,4891,200,214,43,1
2,1699294771,-86400,666,666,-666,-666,-666,N/A,0,1,4176,4891,200,214,43,1
2,1699294781,-86400,666,666,-666,-666,-666,N/A,0,1,4176,4891,200,214,43,1
2,1699297715,-86400,666,666,-666,-666,-666,N/A,0,1,4169,4886,203,214,43,0
2,1699297725,-86400,666,666,-666,-666,-666,N/A,0,1,4169,4886,203,214,43,0
2,1699297735,-86400,666,666,-666,-666,-666,N/A,0,1,4169,4886,203,214,43,0
2,1699297949,-86400,666,666,-666,-666,-666,N/A,0,1,4169,4886,203,214,43,0
2,1699300668,-86400,666,666,-666,-666,-666,N/A,0,1,4173,4893,206,214,43,1
,,,,,,,,,,,,,,,,
2,1699300689,-86400,666,666,-666,-666,-666,N/A,0,1,4173,4893,206,214,43,1
2,1699303750,-86400,666,666,-666,-666,-666,N/A,0,1,3912,502,209,216,45,1
2,1699303760,-86400,666,666,-666,-666,-666,N/A,0,1,3912,502,209,216,45,1
2,1699303770,-86400,666,666,-666,-666,-666,N/A,0,1,3912,502,209,216,45,1
2,1699366787,-86400,666,666,-666,-666,-666,N/A,0,1,3883,4968,251,216,45,0
2,1699366798,-86400,666,666,-666,-666,-666,N/A,0,1,3883,4968,251,216,45,0
2,1699366808,-86400,666,666,-666,-666,-666,N/A,0,1,3883,4968,251,216,45,0
2,1699366818,-86400,666,666,-666,-666,-666,N/A,0,1,3883,4968,251,216,45,0
2,1699369879,-86400,666,666,-666,-666,-666,N/A,0,1,3621,2828,254,216,45,1
,,,,,,,,,,,,,,,,
2,1699369899,-86400,666,666,-666,-666,-666,N/A,0,1,3621,2828,254,216,45,1
2,1699373085,-28530,666,666,-666,-666,-666,N/A,0,1,3521,1700,257,219,47,1
2,1699373095,-28530,666,666,-666,-666,-666,N/A,0,1,3521,1700,257,219,47,1
2,1699373105,-28530,666,666,-666,-666,-666,N/A,0,1,3521,1700,257,219,47,1
2,1699376290,1699376275,666,666,-666,-666,-666,N/A,0,1,3481,1947,260,219,47,1
2,1699379486,-86400,666,666,-666,-666,-666,N/A,0,1,3478,2397,263,219,47,1
2,1699379496,-86400,666,666,-666,-666,-666,N/A,0,1,3478,2397,263,219,47,1
2,1699379506,-86400,666,666,-666,-666,-666,N/A,0,1,3478,2397,263,219,47,1
2,1699379516,-86400,666,666,-666,-666,-666,N/A,0,1,3478,2397,263,219,47,1
2,1699382707,1699382689,666,666,-666,-666,-666,N/A,0,1,3599,84,266,219,47,1
,,,,,,,,,,,,,,,,
2,1699382727,1699382689,666,666,-666,-666,-666,N/A,0,1,3599,84,266,219,47,1
2,1699385784,-86400,666,666,-666,-666,-666,N/A,0,1,3518,2339,269,223,45,1
2,1699385794,-86400,666,666,-666,-666,-666,N/A,0,1,3518,2339,269,223,45,1
2,1699385805,-86400,666,666,-666,-666,-666,N/A,0,1,3518,2339,269,223,45,1
2,1699388860,-86400,666,666,-666,-666,-666,N/A,0,1,3492,25,272,223,45,1
2,1699388870,-86400,666,666,-666,-666,-666,N/A,0,1,3492,25,272,223,45,1
2,1699388881,-86400,666,666,-666,-666,-666,N/A,0,1,3492,25,272,223,45,1
2,,0,666,666,4601.39,0,0,N,0,1,,,,,,
2,,0,666,666,4601.902,0,0,N,0,1,,,,,,
2,,0,666,666,4600.366,0,0,N,0,1,,,,,,
2,,0,666,666,4601.646,0,0,N,0,1,,,,,,
2,,0,666,666,4600.366,0,0,N,0,1,,,,,,
2,,0,666,666,4600.878,0,0,N,0,1,,,,,,
2,,0,666,666,4601.134,0,0,N,0,1,,,,,,
2,,0,666,666,4600.878,0,0,N,0,1,,,,,,
2,,0,666,666,4600.878,0,0,N,0,1,,,,,,
2,,0,666,666,4601.646,0,0,N,0,1,,,,,,
2,,0,666,666,4599.854,0,0,N,0,1,,,,,,
2,,0,666,666,4601.134,0,0,N,0,1,,,,,,
2,,0,666,666,4601.646,0,0,N,0,1,,,,,,
2,,0,666,666,4602.158,0,0,N,0,1,,,,,,
2,,0,666,666,4602.158,0,0,N,0,1,,,,,,
2,,0,666,666,4601.134,0,0,N,0,1,,,,,,
2,,0,666,666,4600.878,0,0,N,0,1,,,,,,
2,,0,666,666,4601.39,0,0,N,0,1,,,,,,
,,,,,,,,,,,,,,,,
,,,,,,,,,,,,,,,,
,,,,,,,,,,,,,,,,
,,,,,,,,,,,,,,,,
,,,,,,,,,,,,,,,,
,,,,,,,,,,,,,,,,
,,,,,,,,,,,,,,,,
,,,,,,,,,,,,,,,,
,,,,,,,,,,,,,,,,
,,,,,,,,,,,,,,,,
,,,,,,,,,,,,,,,,
,,,,,,,,,,,,,,,,
,,,,,,,,,,,,,,,,
,,,,,,,,,,,,,,,,
,,,,,,,,,,,,,,,,
,,,,,,,,,,,,,,,,
,,,,,,,,,,,,,,,,
,,,,,,,,,,,,,,,,
,,,,,,,,,,,,,,,,
,,,,,,,,,,,,,,,,
,,,,,,,,,,,,,,,,
,,,,,,,,,,,,,,,,
,,,,,,,,,,,,,,,,
,,,,,,,,,,,,,,,,
,,,,,,,,,,,,,,,,
,,,,,,,,,,,,,,,,
,,,,,,,,,,,,,,,,
,,,,,,,,,,,,,,,,
,,,,,,,,,,,,,,,,
,,,,,,,,,,,,,,,,
,,,,,,,,,,,,,,,,
,,,,,,,,,,,,,,,,
,,,,,,,,,,,,,,,,
,,,,,,,,,,,,,,,,
,,,,,,,,,,,,,,,,
,,,,,,,,,,,,,,,,
,,,,,,,,,,,,,,,,
,,,,,,,,,,,,,,,,
,,,,,,,,,,,,,,,,
,,,,,,,,,,,,,,,,
,,,,,,,,,,,,,,,,
,,,,,,,,,,,,,,,,
,,,,,,,,,,,,,,,,
,,,,,,,,,,,,,,,,
,,,,,,,,,,,,,,,,
,,,,,,,,,,,,,,,,
,,,,,,,,,,,,,,,,
,,,,,,,,,,,,,,,,
,,,,,,,,,,,,,,,,
,,,,,,,,,,,,,,,,
,,,,,,,,,,,,,,,,
,,,,,,,,,,,,,,,,
,,,,,,,,,,,,,,,,
,,,,,,,,,,,,,,,,
,,,,,,,,,,,,,,,,
,,,,,,,,,,,,,,,,
,,,,,,,,,,,,,,,,
,,,,,,,,,,,,,,,,
,,,,,,,,,,,,,,,,
,,,,,,,,,,,,,,,,
,,,,,,,,,,,,,,,,
,,,,,,,,,,,,,,,,
,,,,,,,,,,,,,,,,
,,,,,,,,,,,,,,,,
,,,,,,,,,,,,,,,,
,,,,,,,,,,,,,,,,
,,,,,,,,,,,,,,,,
,,,,,,,,,,,,,,,,
,,,,,,,,,,,,,,,,
,,,,,,,,,,,,,,,,
,,,,,,,,,,,,,,,,
,,,,,,,,,,,,,,,,
,,,,,,,,,,,,,,,,
,,,,,,,,,,,,,,,,
,,,,,,,,,,,,,,,,
,,,,,,,,,,,,,,,,
,,,,,,,,,,,,,,,,
,,,,,,,,,,,,,,,,
,,,,,,,,,,,,,,,,
,,,,,,,,,,,,,,,,
,,,,,,,,,,,,,,,,
,,,,,,,,,,,,,,,,
,,,,,,,,,,,,,,,,
,,,,,,,,,,,,,,,,
,,,,,,,,,,,,,,,,
,,,,,,,,,,,,,,,,
,,,,,,,,,,,,,,,,
,,,,,,,,,,,,,,,,
,,,,,,,,,,,,,,,,
,,,,,,,,,,,,,,,,
,,,,,,,,,,,,,,,,
,,,,,,,,,,,,,,,,
,,,,,,,,,,,,,,,,
,,,,,,,,,,,,,,,,
,,,,,,,,,,,,,,,,
,,,,,,,,,,,,,,,,
,,,,,,,,,,,,,,,,
,,,,,,,,,,,,,,,,
,,,,,,,,,,,,,,,,
,,,,,,,,,,,,,,,,
,,,,,,,,,,,,,,,,
,,,,,,,,,,,,,,,,
,,,,,,,,,,,,,,,,
,,,,,,,,,,,,,,,,
,,,,,,,,,,,,,,,,
,,,,,,,,,,,,,,,,
,,,,,,,,,,,,,,,,
,,,,,,,,,,,,,,,,
,,,,,,,,,,,,,,,,
,,,,,,,,,,,,,,,,
,,,,,,,,,,,,,,,,
,,,,,,,,,,,,,,,,
,,,,,,,,,,,,,,,,
,,,,,,,,,,,,,,,,
,,,,,,,,,,,,,,,,
,,,,,,,,,,,,,,,,
,,,,,,,,,,,,,,,,
,,,,,,,,,,,,,,,,
,,,,,,,,,,,,,,,,
,,,,,,,,,,,,,,,,
,,,,,,,,,,,,,,,,
,,,,,,,,,,,,,,,,
,,,,,,,,,,,,,,,,
,,,,,,,,,,,,,,,,
,,,,,,,,,,,,,,,,
,,,,,,,,,,,,,,,,
,,,,,,,,,,,,,,,,
,,,,,,,,,,,,,,,,
,,,,,,,,,,,,,,,,
,,,,,,,,,,,,,,,,
,,,,,,,,,,,,,,,,
,,,,,,,,,,,,,,,,
,,,,,,,,,,,,,,,,
,,,,,,,,,,,,,,,,
,,,,,,,,,,,,,,,,
,,,,,,,,,,,,,,,,
,,,,,,,,,,,,,,,,
,,,,,,,,,,,,,,,,
,,,,,,,,,,,,,,,,
,,,,,,,,,,,,,,,,
,,,,,,,,,,,,,,,,
,,,,,,,,,,,,,,,,
,,,,,,,,,,,,,,,,
,,,,,,,,,,,,,,,,
,,,,,,,,,,,,,,,,
,,,,,,,,,,,,,,,,
,,,,,,,,,,,,,,,,
,,,,,,,,,,,,,,,,
,,,,,,,,,,,,,,,,
,,,,,,,,,,,,,,,,
,,,,,,,,,,,,,,,,
,,,,,,,,,,,,,,,,
,,,,,,,,,,,,,,,,
,,,,,,,,,,,,,,,,
,,,,,,,,,,,,,,,,
,,,,,,,,,,,,,,,,
,,,,,,,,,,,,,,,,
,,,,,,,,,,,,,,,,
,,,,,,,,,,,,,,,,
,,,,,,,,,,,,,,,,
,,,,,,,,,,,,,,,,
,,,,,,,,,,,,,,,,
,,,,,,,,,,,,,,,,
,,,,,,,,,,,,,,,,
,,,,,,,,,,,,,,,,
,,,,,,,,,,,,,,,,
,,,,,,,,,,,,,,,,
,,,,,,,,,,,,,,,,
,,,,,,,,,,,,,,,,
,,,,,,,,,,,,,,,,
,,,,,,,,,,,,,,,,
,,,,,,,,,,,,,,,,
,,,,,,,,,,,,,,,,
,,,,,,,,,,,,,,,,
,,,,,,,,,,,,,,,,
,,,,,,,,,,,,,,,,
,,,,,,,,,,,,,,,,
,,,,,,,,,,,,,,,,
,,,,,,,,,,,,,,,,
,,,,,,,,,,,,,,,,
,,,,,,,,,,,,,,,,
,,,,,,,,,,,,,,,,
,,,,,,,,,,,,,,,,
,,,,,,,,,,,,,,,,
,,,,,,,,,,,,,,,,
,,,,,,,,,,,,,,,,
,,,,,,,,,,,,,,,,
,,,,,,,,,,,,,,,,
,,,,,,,,,,,,,,,,
,,,,,,,,,,,,,,,,
,,,,,,,,,,,,,,,,
,,,,,,,,,,,,,,,,
,,,,,,,,,,,,,,,,
,,,,,,,,,,,,,,,,
,,,,,,,,,,,,,,,,
,,,,,,,,,,,,,,,,
,,,,,,,,,,,,,,,,
,,,,,,,,,,,,,,,,
,,,,,,,,,,,,,,,,
,,,,,,,,,,,,,,,,
,,,,,,,,,,,,,,,,
,,,,,,,,,,,,,,,,
,,,,,,,,,,,,,,,,
,,,,,,,,,,,,,,,,
,,,,,,,,,,,,,,,,
,,,,,,,,,,,,,,,,
,,,,,,,,,,,,,,,,
,,,,,,,,,,,,,,,,
,,,,,,,,,,,,,,,,
,,,,,,,,,,,,,,,,
,,,,,,,,,,,,,,,,
,,,,,,,,,,,,,,,,
,,,,,,,,,,,,,,,,
,,,,,,,,,,,,,,,,
,,,,,,,,,,,,,,,,
,,,,,,,,,,,,,,,,
,,,,,,,,,,,,,,,,
,,,,,,,,,,,,,,,,
,,,,,,,,,,,,,,,,
,,,,,,,,,,,,,,,,
,,,,,,,,,,,,,,,,
,,,,,,,,,,,,,,,,
,,,,,,,,,,,,,,,,
,,,,,,,,,,,,,,,,
,,,,,,,,,,,,,,,,
,,,,,,,,,,,,,,,,
,,,,,,,,,,,,,,,,
,,,,,,,,,,,,,,,,
,,,,,,,,,,,,,,,,
,,,,,,,,,,,,,,,,
,,,,,,,,,,,,,,,,
,,,,,,,,,,,,,,,,
,,,,,,,,,,,,,,,,
,,,,,,,,,,,,,,,,
,,,,,,,,,,,,,,,,
,,,,,,,,,,,,,,,,
,,,,,,,,,,,,,,,,
,,,,,,,,,,,,,,,,
,,,,,,,,,,,,,,,,
,,,,,,,,,,,,,,,,
,,,,,,,,,,,,,,,,
,,,,,,,,,,,,,,,,
,,,,,,,,,,,,,,,,
,,,,,,,,,,,,,,,,
,,,,,,,,,,,,,,,,
,,,,,,,,,,,,,,,,
,,,,,,,,,,,,,,,,
,,,,,,,,,,,,,,,,
,,,,,,,,,,,,,,,,
,,,,,,,,,,,,,,,,
,,,,,,,,,,,,,,,,
,,,,,,,,,,,,,,,,
,,,,,,,,,,,,,,,,
,,,,,,,,,,,,,,,,
,,,,,,,,,,,,,,,,
,,,,,,,,,,,,,,,,
,,,,,,,,,,,,,,,,
,,,,,,,,,,,,,,,,
,,,,,,,,,,,,,,,,
,,,,,,,,,,,,,,,,
,,,,,,,,,,,,,,,,
,,,,,,,,,,,,,,,,
,,,,,,,,,,,,,,,,
,,,,,,,,,,,,,,,,
,,,,,,,,,,,,,,,,
,,,,,,,,,,,,,,,,
,,,,,,,,,,,,,,,,
,,,,,,,,,,,,,,,,
,,,,,,,,,,,,,,,,
,,,,,,,,,,,,,,,,
,,,,,,,,,,,,,,,,
,,,,,,,,,,,,,,,,
,,,,,,,,,,,,,,,,
,,,,,,,,,,,,,,,,
,,,,,,,,,,,,,,,,
,,,,,,,,,,,,,,,,
,,,,,,,,,,,,,,,,
,,,,,,,,,,,,,,,,
,,,,,,,,,,,,,,,,
,,,,,,,,,,,,,,,,
,,,,,,,,,,,,,,,,
,,,,,,,,,,,,,,,,
,,,,,,,,,,,,,,,,
,,,,,,,,,,,,,,,,
,,,,,,,,,,,,,,,,
,,,,,,,,,,,,,,,,
,,,,,,,,,,,,,,,,
,,,,,,,,,,,,,,,,
,,,,,,,,,,,,,,,,
,,,,,,,,,,,,,,,,
,,,,,,,,,,,,,,,,
,,,,,,,,,,,,,,,,
,,,,,,,,,,,,,,,,
,,,,,,,,,,,,,,,,
,,,,,,,,,,,,,,,,
,,,,,,,,,,,,,,,,
,,,,,,,,,,,,,,,,
2,,0,666,666,4602.158,0,0,N,0,1,,,,,,
2,,0,666,666,4600.622,0,0,N,0,1,,,,,,
2,,0,666,666,4601.134,0,0,N,0,1,,,,,,
2,,0,666,666,4601.134,0,0,N,0,1,,,,,,
2,,0,666,666,4602.158,0,0,N,0,1,,,,,,
2,,0,666,666,4601.646,0,0,N,0,1,,,,,,
2,,0,666,666,4601.646,0,0,N,0,1,,,,,,
2,,0,666,666,4601.134,0,0,N,0,1,,,,,,
2,,0,666,666,4600.11,0,0,N,0,1,,,,,,
2,,0,666,666,4601.134,0,0,N,0,1,,,,,,
2,,0,666,666,4600.622,0,0,N,0,1,,,,,,
2,,0,666,666,4600.11,0,0,N,0,1,,,,,,
2,,0,666,666,4602.158,0,0,N,0,1,,,,,,
2,,0,666,666,4601.134,0,0,N,0,1,,,,,,
2,,0,666,666,4600.366,0,0,N,0,1,,,,,,
2,,0,666,666,4602.158,0,0,N,0,1,,,,,,
2,,0,666,666,4600.11,0,0,N,0,1,,,,,,
2,,0,666,666,4602.158,0,0,N,0,1,,,,,,
2,,0,666,666,4600.622,0,0,N,0,1,,,,,,
2,,0,666,666,4601.646,0,0,N,0,1,,,,,,
2,,0,666,666,4600.11,0,0,N,0,1,,,,,,
2,,0,666,666,4602.158,0,0,N,0,1,,,,,,
2,,0,666,666,4601.646,0,0,N,0,1,,,,,,
2,,0,666,666,4602.158,0,0,N,0,1,,,,,,
2,,0,666,666,4599.854,0,0,N,0,1,,,,,,
2,,0,666,666,4600.366,0,0,N,0,1,,,,,,
2,,0,666,666,4600.878,0,0,N,0,1,,,,,,
2,,0,666,666,4601.646,0,0,N,0,1,,,,,,
2,,0,666,666,4601.646,0,0,N,0,1,,,,,,
2,,0,666,666,4600.878,0,0,N,0,1,,,,,,
2,,0,666,666,4601.134,0,0,N,0,1,,,,,,
2,,0,666,666,4602.158,0,0,N,0,1,,,,,,
2,,0,666,666,4600.366,0,0,N,0,1,,,,,,
2,,0,666,666,4599.854,0,0,N,0,1,,,,,,
2,,0,666,666,4601.646,0,0,N,0,1,,,,,,
2,,0,666,666,4601.646,0,0,N,0,1,,,,,,
2,,0,666,666,4602.158,0,0,N,0,1,,,,,,
2,,0,666,666,4601.39,0,0,N,0,1,,,,,,
2,,0,666,666,4601.646,0,0,N,0,1,,,,,,
2,,0,666,666,4601.134,0,0,N,0,1,,,,,,
2,,0,666,666,4600.366,0,0,N,0,1,,,,,,
2,,0,666,666,4600.622,0,0,N,0,1,,,,,,
2,,0,666,666,4601.134,0,0,N,0,1,,,,,,
2,,0,666,666,4600.366,0,0,N,0,1,,,,,,
2,,0,666,666,4601.646,0,0,N,0,1,,,,,,
2,,0,666,666,4600.878,0,0,N,0,1,,,,,,
2,,0,666,666,4600.622,0,0,N,0,1,,,,,,
2,,0,666,666,4599.854,0,0,N,0,1,,,,,,
2,,0,666,666,4600.366,0,0,N,0,1,,,,,,
2,,0,666,666,4601.134,0,0,N,0,1,,,,,,
2,,0,666,666,4601.646,0,0,N,0,1,,,,,,
2,,0,666,666,4600.878,0,0,N,0,1,,,,,,
2,,0,666,666,4600.878,0,0,N,0,1,,,,,,
2,,0,666,666,4601.39,0,0,N,0,1,,,,,,
2,,0,666,666,4600.878,0,0,N,0,1,,,,,,
2,,0,666,666,4601.39,0,0,N,0,1,,,,,,
2,,0,666,666,4600.878,0,0,N,0,1,,,,,,
2,,0,666,666,4601.134,0,0,N,0,1,,,,,,
2,,0,666,666,4601.134,0,0,N,0,1,,,,,,
2,,0,666,666,4599.854,0,0,N,0,1,,,,,,
2,,0,666,666,4600.366,0,0,N,0,1,,,,,,
2,,0,666,666,4602.158,0,0,N,0,1,,,,,,
2,,0,666,666,4600.878,0,0,N,0,1,,,,,,
2,,0,666,666,4600.878,0,0,N,0,1,,,,,,
2,,0,666,666,4600.366,0,0,N,0,1,,,,,,
2,,0,666,666,4601.134,0,0,N,0,1,,,,,,
2,,0,666,666,4600.11,0,0,N,0,1,,,,,,
,,,,,,,,,,,,,,,,
,,,,,,,,,,,,,,,,
,,,,,,,,,,,,,,,,
,,,,,,,,,,,,,,,,
,,,,,,,,,,,,,,,,
,,,,,,,,,,,,,,,,
,,,,,,,,,,,,,,,,
,,,,,,,,,,,,,,,,
,,,,,,,,,,,,,,,,
,,,,,,,,,,,,,,,,
,,,,,,,,,,,,,,,,
,,,,,,,,,,,,,,,,
,,,,,,,,,,,,,,,,
,,,,,,,,,,,,,,,,
,,,,,,,,,,,,,,,,
,,,,,,,,,,,,,,,,
,,,,,,,,,,,,,,,,
,,,,,,,,,,,,,,,,
,,,,,,,,,,,,,,,,
,,,,,,,,,,,,,,,,
,,,,,,,,,,,,,,,,
,,,,,,,,,,,,,,,,
,,,,,,,,,,,,,,,,
,,,,,,,,,,,,,,,,
,,,,,,,,,,,,,,,,
,,,,,,,,,,,,,,,,
,,,,,,,,,,,,,,,,
,,,,,,,,,,,,,,,,
,,,,,,,,,,,,,,,,
,,,,,,,,,,,,,,,,
,,,,,,,,,,,,,,,,
,,,,,,,,,,,,,,,,
,,,,,,,,,,,,,,,,
,,,,,,,,,,,,,,,,
,,,,,,,,,,,,,,,,
,,,,,,,,,,,,,,,,
,,,,,,,,,,,,,,,,
,,,,,,,,,,,,,,,,
,,,,,,,,,,,,,,,,
,,,,,,,,,,,,,,,,
,,,,,,,,,,,,,,,,
,,,,,,,,,,,,,,,,
,,,,,,,,,,,,,,,,
,,,,,,,,,,,,,,,,
,,,,,,,,,,,,,,,,
,,,,,,,,,,,,,,,,
,,,,,,,,,,,,,,,,
,,,,,,,,,,,,,,,,
,,,,,,,,,,,,,,,,
,,,,,,,,,,,,,,,,
,,,,,,,,,,,,,,,,
,,,,,,,,,,,,,,,,
,,,,,,,,,,,,,,,,
,,,,,,,,,,,,,,,,
,,,,,,,,,,,,,,,,
,,,,,,,,,,,,,,,,
,,,,,,,,,,,,,,,,
,,,,,,,,,,,,,,,,
,,,,,,,,,,,,,,,,
,,,,,,,,,,,,,,,,
,,,,,,,,,,,,,,,,
,,,,,,,,,,,,,,,,
,,,,,,,,,,,,,,,,
,,,,,,,,,,,,,,,,
,,,,,,,,,,,,,,,,
,,,,,,,,,,,,,,,,
,,,,,,,,,,,,,,,,
,,,,,,,,,,,,,,,,
,,,,,,,,,,,,,,,,
,,,,,,,,,,,,,,,,
,,,,,,,,,,,,,,,,
,,,,,,,,,,,,,,,,
,,,,,,,,,,,,,,,,
,,,,,,,,,,,,,,,,
,,,,,,,,,,,,,,,,
,,,,,,,,,,,,,,,,
,,,,,,,,,,,,,,,,
,,,,,,,,,,,,,,,,
,,,,,,,,,,,,,,,,
,,,,,,,,,,,,,,,,
,,,,,,,,,,,,,,,,
,,,,,,,,,,,,,,,,
,,,,,,,,,,,,,,,,
,,,,,,,,,,,,,,,,
,,,,,,,,,,,,,,,,
,,,,,,,,,,,,,,,,
,,,,,,,,,,,,,,,,
,,,,,,,,,,,,,,,,
,,,,,,,,,,,,,,,,
,,,,,,,,,,,,,,,,
,,,,,,,,,,,,,,,,
,,,,,,,,,,,,,,,,
,,,,,,,,,,,,,,,,
,,,,,,,,,,,,,,,,
,,,,,,,,,,,,,,,,
,,,,,,,,,,,,,,,,
,,,,,,,,,,,,,,,,
,,,,,,,,,,,,,,,,
,,,,,,,,,,,,,,,,
,,,,,,,,,,,,,,,,
,,,,,,,,,,,,,,,,
,,,,,,,,,,,,,,,,
,,,,,,,,,,,,,,,,
,,,,,,,,,,,,,,,,
,,,,,,,,,,,,,,,,
,,,,,,,,,,,,,,,,
,,,,,,,,,,,,,,,,
,,,,,,,,,,,,,,,,
,,,,,,,,,,,,,,,,
,,,,,,,,,,,,,,,,
,,,,,,,,,,,,,,,,
,,,,,,,,,,,,,,,,
,,,,,,,,,,,,,,,,
,,,,,,,,,,,,,,,,
,,,,,,,,,,,,,,,,
,,,,,,,,,,,,,,,,
,,,,,,,,,,,,,,,,
,,,,,,,,,,,,,,,,
,,,,,,,,,,,,,,,,
,,,,,,,,,,,,,,,,
,,,,,,,,,,,,,,,,
,,,,,,,,,,,,,,,,
,,,,,,,,,,,,,,,,
,,,,,,,,,,,,,,,,
,,,,,,,,,,,,,,,,
,,,,,,,,,,,,,,,,
,,,,,,,,,,,,,,,,
,,,,,,,,,,,,,,,,
,,,,,,,,,,,,,,,,
,,,,,,,,,,,,,,,,
,,,,,,,,,,,,,,,,
,,,,,,,,,,,,,,,,
,,,,,,,,,,,,,,,,
,,,,,,,,,,,,,,,,
,,,,,,,,,,,,,,,,
,,,,,,,,,,,,,,,,
,,,,,,,,,,,,,,,,
,,,,,,,,,,,,,,,,
,,,,,,,,,,,,,,,,
,,,,,,,,,,,,,,,,
,,,,,,,,,,,,,,,,
,,,,,,,,,,,,,,,,
,,,,,,,,,,,,,,,,
,,,,,,,,,,,,,,,,
,,,,,,,,,,,,,,,,
,,,,,,,,,,,,,,,,
,,,,,,,,,,,,,,,,
,,,,,,,,,,,,,,,,
,,,,,,,,,,,,,,,,
,,,,,,,,,,,,,,,,
,,,,,,,,,,,,,,,,
,,,,,,,,,,,,,,,,
,,,,,,,,,,,,,,,,
,,,,,,,,,,,,,,,,
,,,,,,,,,,,,,,,,
,,,,,,,,,,,,,,,,
,,,,,,,,,,,,,,,,
,,,,,,,,,,,,,,,,
,,,,,,,,,,,,,,,,
,,,,,,,,,,,,,,,,
,,,,,,,,,,,,,,,,
,,,,,,,,,,,,,,,,
,,,,,,,,,,,,,,,,
,,,,,,,,,,,,,,,,
,,,,,,,,,,,,,,,,
,,,,,,,,,,,,,,,,
,,,,,,,,,,,,,,,,
,,,,,,,,,,,,,,,,
,,,,,,,,,,,,,,,,
,,,,,,,,,,,,,,,,
,,,,,,,,,,,,,,,,
,,,,,,,,,,,,,,,,
,,,,,,,,,,,,,,,,
,,,,,,,,,,,,,,,,
,,,,,,,,,,,,,,,,
,,,,,,,,,,,,,,,,
,,,,,,,,,,,,,,,,
,,,,,,,,,,,,,,,,
,,,,,,,,,,,,,,,,
,,,,,,,,,,,,,,,,
,,,,,,,,,,,,,,,,
,,,,,,,,,,,,,,,,
,,,,,,,,,,,,,,,,
,,,,,,,,,,,,,,,,
,,,,,,,,,,,,,,,,
,,,,,,,,,,,,,,,,
,,,,,,,,,,,,,,,,
,,,,,,,,,,,,,,,,
,,,,,,,,,,,,,,,,
,,,,,,,,,,,,,,,,
,,,,,,,,,,,,,,,,
,,,,,,,,,,,,,,,,
,,,,,,,,,,,,,,,,
,,,,,,,,,,,,,,,,
,,,,,,,,,,,,,,,,
,,,,,,,,,,,,,,,,
,,,,,,,,,,,,,,,,
,,,,,,,,,,,,,,,,
,,,,,,,,,,,,,,,,
,,,,,,,,,,,,,,,,
,,,,,,,,,,,,,,,,
,,,,,,,,,,,,,,,,
,,,,,,,,,,,,,,,,
,,,,,,,,,,,,,,,,
,,,,,,,,,,,,,,,,
,,,,,,,,,,,,,,,,
,,,,,,,,,,,,,,,,
,,,,,,,,,,,,,,,,
,,,,,,,,,,,,,,,,
,,,,,,,,,,,,,,,,
,,,,,,,,,,,,,,,,
,,,,,,,,,,,,,,,,
,,,,,,,,,,,,,,,,
,,,,,,,,,,,,,,,,
,,,,,,,,,,,,,,,,
,,,,,,,,,,,,,,,,
,,,,,,,,,,,,,,,,
,,,,,,,,,,,,,,,,
,,,,,,,,,,,,,,,,
,,,,,,,,,,,,,,,,
,,,,,,,,,,,,,,,,
,,,,,,,,,,,,,,,,
,,,,,,,,,,,,,,,,
,,,,,,,,,,,,,,,,
,,,,,,,,,,,,,,,,
,,,,,,,,,,,,,,,,
,,,,,,,,,,,,,,,,
,,,,,,,,,,,,,,,,
,,,,,,,,,,,,,,,,
,,,,,,,,,,,,,,,,
,,,,,,,,,,,,,,,,
,,,,,,,,,,,,,,,,
,,,,,,,,,,,,,,,,
,,,,,,,,,,,,,,,,
,,,,,,,,,,,,,,,,
,,,,,,,,,,,,,,,,
,,,,,,,,,,,,,,,,
,,,,,,,,,,,,,,,,
,,,,,,,,,,,,,,,,
,,,,,,,,,,,,,,,,
,,,,,,,,,,,,,,,,
,,,,,,,,,,,,,,,,
,,,,,,,,,,,,,,,,
,,,,,,,,,,,,,,,,
,,,,,,,,,,,,,,,,
,,,,,,,,,,,,,,,,
,,,,,,,,,,,,,,,,
,,,,,,,,,,,,,,,,
,,,,,,,,,,,,,,,,
,,,,,,,,,,,,,,,,
,,,,,,,,,,,,,,,,
,,,,,,,,,,,,,,,,
,,,,,,,,,,,,,,,,
,,,,,,,,,,,,,,,,
,,,,,,,,,,,,,,,,
,,,,,,,,,,,,,,,,
,,,,,,,,,,,,,,,,
,,,,,,,,,,,,,,,,
,,,,,,,,,,,,,,,,
,,,,,,,,,,,,,,,,
,,,,,,,,,,,,,,,,
,,,,,,,,,,,,,,,,
,,,,,,,,,,,,,,,,
,,,,,,,,,,,,,,,,
,,,,,,,,,,,,,,,,
,,,,,,,,,,,,,,,,
,,,,,,,,,,,,,,,,
,,,,,,,,,,,,,,,,
,,,,,,,,,,,,,,,,
,,,,,,,,,,,,,,,,
,,,,,,,,,,,,,,,,
,,,,,,,,,,,,,,,,
,,,,,,,,,,,,,,,,
,,,,,,,,,,,,,,,,
,,,,,,,,,,,,,,,,
,,,,,,,,,,,,,,,,
,,,,,,,,,,,,,,,,
,,,,,,,,,,,,,,,,
,,,,,,,,,,,,,,,,
,,,,,,,,,,,,,,,,
,,,,,,,,,,,,,,,,
,,,,,,,,,,,,,,,,
,,,,,,,,,,,,,,,,
,,,,,,,,,,,,,,,,
,,,,,,,,,,,,,,,,
,,,,,,,,,,,,,,,,
,,,,,,,,,,,,,,,,
,,,,,,,,,,,,,,,,
,,,,,,,,,,,,,,,,
,,,,,,,,,,,,,,,,
,,,,,,,,,,,,,,,,
,,,,,,,,,,,,,,,,
,,,,,,,,,,,,,,,,
,,,,,,,,,,,,,,,,
,,,,,,,,,,,,,,,,
,,,,,,,,,,,,,,,,
,,,,,,,,,,,,,,,,
,,,,,,,,,,,,,,,,
,,,,,,,,,,,,,,,,
,,,,,,,,,,,,,,,,
,,,,,,,,,,,,,,,,
,,,,,,,,,,,,,,,,
,,,,,,,,,,,,,,,,
,,,,,,,,,,,,,,,,
,,,,,,,,,,,,,,,,
,,,,,,,,,,,,,,,,
,,,,,,,,,,,,,,,,
,,,,,,,,,,,,,,,,
,,,,,,,,,,,,,,,,
,,,,,,,,,,,,,,,,
,,,,,,,,,,,,,,,,
,,,,,,,,,,,,,,,,
,,,,,,,,,,,,,,,,
,,,,,,,,,,,,,,,,
,,,,,,,,,,,,,,,,
,,,,,,,,,,,,,,,,
,,,,,,,,,,,,,,,,
,,,,,,,,,,,,,,,,
,,,,,,,,,,,,,,,,
,,,,,,,,,,,,,,,,
,,,,,,,,,,,,,,,,
,,,,,,,,,,,,,,,,
,,,,,,,,,,,,,,,,
,,,,,,,,,,,,,,,,
,,,,,,,,,,,,,,,,
,,,,,,,,,,,,,,,,
,,,,,,,,,,,,,,,,
,,,,,,,,,,,,,,,,
,,,,,,,,,,,,,,,,
,,,,,,,,,,,,,,,,
,,,,,,,,,,,,,,,,
,,,,,,,,,,,,,,,,
,,,,,,,,,,,,,,,,
,,,,,,,,,,,,,,,,
,,,,,,,,,,,,,,,,
,,,,,,,,,,,,,,,,
,,,,,,,,,,,,,,,,
,,,,,,,,,,,,,,,,
,,,,,,,,,,,,,,,,
,,,,,,,,,,,,,,,,
,,,,,,,,,,,,,,,,
,,,,,,,,,,,,,,,,
,,,,,,,,,,,,,,,,
,,,,,,,,,,,,,,,,
,,,,,,,,,,,,,,,,
,,,,,,,,,,,,,,,,
,,,,,,,,,,,,,,,,
,,,,,,,,,,,,,,,,
,,,,,,,,,,,,,,,,
,,,,,,,,,,,,,,,,
,,,,,,,,,,,,,,,,
,,,,,,,,,,,,,,,,
,,,,,,,,,,,,,,,,
,,,,,,,,,,,,,,,,
,,,,,,,,,,,,,,,,
,,,,,,,,,,,,,,,,
,,,,,,,,,,,,,,,,
,,,,,,,,,,,,,,,,
,,,,,,,,,,,,,,,,
,,,,,,,,,,,,,,,,
,,,,,,,,,,,,,,,,
,,,,,,,,,,,,,,,,
,,,,,,,,,,,,,,,,
,,,,,,,,,,,,,,,,
,,,,,,,,,,,,,,,,
,,,,,,,,,,,,,,,,
,,,,,,,,,,,,,,,,
,,,,,,,,,,,,,,,,
,,,,,,,,,,,,,,,,
,,,,,,,,,,,,,,,,
,,,,,,,,,,,,,,,,
,,,,,,,,,,,,,,,,
,,,,,,,,,,,,,,,,
,,,,,,,,,,,,,,,,
,,,,,,,,,,,,,,,,
,,,,,,,,,,,,,,,,
,,,,,,,,,,,,,,,,
,,,,,,,,,,,,,,,,
,,,,,,,,,,,,,,,,
,,,,,,,,,,,,,,,,
,,,,,,,,,,,,,,,,
,,,,,,,,,,,,,,,,
,,,,,,,,,,,,,,,,
,,,,,,,,,,,,,,,,
,,,,,,,,,,,,,,,,
,,,,,,,,,,,,,,,,
,,,,,,,,,,,,,,,,
,,,,,,,,,,,,,,,,
,,,,,,,,,,,,,,,,
,,,,,,,,,,,,,,,,
,,,,,,,,,,,,,,,,
,,,,,,,,,,,,,,,,
,,,,,,,,,,,,,,,,
,,,,,,,,,,,,,,,,
,,,,,,,,,,,,,,,,
,,,,,,,,,,,,,,,,
,,,,,,,,,,,,,,,,
,,,,,,,,,,,,,,,,
,,,,,,,,,,,,,,,,
,,,,,,,,,,,,,,,,
,,,,,,,,,,,,,,,,
,,,,,,,,,,,,,,,,
,,,,,,,,,,,,,,,,
,,,,,,,,,,,,,,,,
,,,,,,,,,,,,,,,,
,,,,,,,,,,,,,,,,
,,,,,,,,,,,,,,,,
,,,,,,,,,,,,,,,,
,,,,,,,,,,,,,,,,
,,,,,,,,,,,,,,,,
,,,,,,,,,,,,,,,,
,,,,,,,,,,,,,,,,
,,,,,,,,,,,,,,,,
,,,,,,,,,,,,,,,,
,,,,,,,,,,,,,,,,
,,,,,,,,,,,,,,,,
,,,,,,,,,,,,,,,,
,,,,,,,,,,,,,,,,
,,,,,,,,,,,,,,,,
,,,,,,,,,,,,,,,,
,,,,,,,,,,,,,,,,
,,,,,,,,,,,,,,,,
,,,,,,,,,,,,,,,,
,,,,,,,,,,,,,,,,
,,,,,,,,,,,,,,,,
,,,,,,,,,,,,,,,,
,,,,,,,,,,,,,,,,
,,,,,,,,,,,,,,,,
,,,,,,,,,,,,,,,,
,,,,,,,,,,,,,,,,
,,,,,,,,,,,,,,,,
,,,,,,,,,,,,,,,,
,,,,,,,,,,,,,,,,
,,,,,,,,,,,,,,,,
,,,,,,,,,,,,,,,,
,,,,,,,,,,,,,,,,
,,,,,,,,,,,,,,,,
,,,,,,,,,,,,,,,,
,,,,,,,,,,,,,,,,
,,,,,,,,,,,,,,,,
,,,,,,,,,,,,,,,,
,,,,,,,,,,,,,,,,
,,,,,,,,,,,,,,,,
,,,,,,,,,,,,,,,,
,,,,,,,,,,,,,,,,
,,,,,,,,,,,,,,,,
,,,,,,,,,,,,,,,,
,,,,,,,,,,,,,,,,
,,,,,,,,,,,,,,,,
,,,,,,,,,,,,,,,,
,,,,,,,,,,,,,,,,
,,,,,,,,,,,,,,,,
,,,,,,,,,,,,,,,,
,,,,,,,,,,,,,,,,
,,,,,,,,,,,,,,,,
,,,,,,,,,,,,,,,,
,,,,,,,,,,,,,,,,
,,,,,,,,,,,,,,,,
,,,,,,,,,,,,,,,,
,,,,,,,,,,,,,,,,
,,,,,,,,,,,,,,,,
,,,,,,,,,,,,,,,,
,,,,,,,,,,,,,,,,
,,,,,,,,,,,,,,,,
,,,,,,,,,,,,,,,,
,,,,,,,,,,,,,,,,
,,,,,,,,,,,,,,,,
,,,,,,,,,,,,,,,,
,,,,,,,,,,,,,,,,
,,,,,,,,,,,,,,,,
,,,,,,,,,,,,,,,,
,,,,,,,,,,,,,,,,
,,,,,,,,,,,,,,,,
,,,,,,,,,,,,,,,,
,,,,,,,,,,,,,,,,
,,,,,,,,,,,,,,,,
,,,,,,,,,,,,,,,,
,,,,,,,,,,,,,,,,
,,,,,,,,,,,,,,,,
,,,,,,,,,,,,,,,,
,,,,,,,,,,,,,,,,
,,,,,,,,,,,,,,,,
,,,,,,,,,,,,,,,,
,,,,,,,,,,,,,,,,
,,,,,,,,,,,,,,,,
,,,,,,,,,,,,,,,,
,,,,,,,,,,,,,,,,
,,,,,,,,,,,,,,,,
,,,,,,,,,,,,,,,,
,,,,,,,,,,,,,,,,
,,,,,,,,,,,,,,,,
,,,,,,,,,,,,,,,,
,,,,,,,,,,,,,,,,
,,,,,,,,,,,,,,,,
,,,,,,,,,,,,,,,,
,,,,,,,,,,,,,,,,
,,,,,,,,,,,,,,,,
,,,,,,,,,,,,,,,,
,,,,,,,,,,,,,,,,
,,,,,,,,,,,,,,,,
,,,,,,,,,,,,,,,,
,,,,,,,,,,,,,,,,
,,,,,,,,,,,,,,,,
,,,,,,,,,,,,,,,,
,,,,,,,,,,,,,,,,
,,,,,,,,,,,,,,,,
,,,,,,,,,,,,,,,,
,,,,,,,,,,,,,,,,
,,,,,,,,,,,,,,,,
,,,,,,,,,,,,,,,,
,,,,,,,,,,,,,,,,
,,,,,,,,,,,,,,,,
,,,,,,,,,,,,,,,,
,,,,,,,,,,,,,,,,
,,,,,,,,,,,,,,,,
,,,,,,,,,,,,,,,,
,,,,,,,,,,,,,,,,
,,,,,,,,,,,,,,,,
,,,,,,,,,,,,,,,,
,,,,,,,,,,,,,,,,
,,,,,,,,,,,,,,,,
,,,,,,,,,,,,,,,,
,,,,,,,,,,,,,,,,
,,,,,,,,,,,,,,,,
,,,,,,,,,,,,,,,,
,,,,,,,,,,,,,,,,
,,,,,,,,,,,,,,,,
,,,,,,,,,,,,,,,,
,,,,,,,,,,,,,,,,
,,,,,,,,,,,,,,,,
,,,,,,,,,,,,,,,,
,,,,,,,,,,,,,,,,
,,,,,,,,,,,,,,,,
,,,,,,,,,,,,,,,,
,,,,,,,,,,,,,,,,
,,,,,,,,,,,,,,,,
,,,,,,,,,,,,,,,,
,,,,,,,,,,,,,,,,
,,,,,,,,,,,,,,,,
,,,,,,,,,,,,,,,,
,,,,,,,,,,,,,,,,
,,,,,,,,,,,,,,,,
,,,,,,,,,,,,,,,,
,,,,,,,,,,,,,,,,
,,,,,,,,,,,,,,,,
,,,,,,,,,,,,,,,,
,,,,,,,,,,,,,,,,
,,,,,,,,,,,,,,,,
,,,,,,,,,,,,,,,,
,,,,,,,,,,,,,,,,
,,,,,,,,,,,,,,,,
,,,,,,,,,,,,,,,,
,,,,,,,,,,,,,,,,
,,,,,,,,,,,,,,,,
,,,,,,,,,,,,,,,,
,,,,,,,,,,,,,,,,
,,,,,,,,,,,,,,,,
,,,,,,,,,,,,,,,,
,,,,,,,,,,,,,,,,
,,,,,,,,,,,,,,,,
,,,,,,,,,,,,,,,,
,,,,,,,,,,,,,,,,
,,,,,,,,,,,,,,,,
,,,,,,,,,,,,,,,,
,,,,,,,,,,,,,,,,
,,,,,,,,,,,,,,,,
,,,,,,,,,,,,,,,,
,,,,,,,,,,,,,,,,
,,,,,,,,,,,,,,,,
,,,,,,,,,,,,,,,,
,,,,,,,,,,,,,,,,
,,,,,,,,,,,,,,,,
,,,,,,,,,,,,,,,,
,,,,,,,,,,,,,,,,
,,,,,,,,,,,,,,,,
,,,,,,,,,,,,,,,,
,,,,,,,,,,,,,,,,
2,,0,666,666,4602.158,0,0,N,0,1,,,,,,
2,,0,666,666,4601.646,0,0,N,0,1,,,,,,
2,,0,666,666,4600.622,0,0,N,0,1,,,,,,
2,,0,666,666,4600.11,0,0,N,0,1,,,,,,
2,,0,666,666,4601.646,0,0,N,0,1,,,,,,
2,,0,666,666,4602.158,0,0,N,0,1,,,,,,
2,,0,666,666,4600.11,0,0,N,0,1,,,,,,
2,,0,666,666,4601.134,0,0,N,0,1,,,,,,
2,,0,666,666,4601.134,0,0,N,0,1,,,,,,
2,,0,666,666,4600.11,0,0,N,0,1,,,,,,
2,,0,666,666,4600.878,0,0,N,0,1,,,,,,
2,,0,666,666,4600.366,0,0,N,0,1,,,,,,
2,,0,666,666,4600.878,0,0,N,0,1,,,,,,
2,,0,666,666,4599.854,0,0,N,0,1,,,,,,
2,,0,666,666,4601.902,0,0,N,0,1,,,,,,
2,,0,666,666,4600.878,0,0,N,0,1,,,,,,
2,,0,666,666,4601.39,0,0,N,0,1,,,,,,
2,,0,666,666,4601.39,0,0,N,0,1,,,,,,
2,,0,666,666,4600.366,0,0,N,0,1,,,,,,
2,,0,666,666,4601.39,0,0,N,0,1,,,,,,
2,,0,666,666,4600.366,0,0,N,0,1,,,,,,
2,,0,666,666,4600.878,0,0,N,0,1,,,,,,
2,,0,666,666,4600.11,0,0,N,0,1,,,,,,
2,,0,666,666,4602.158,0,0,N,0,1,,,,,,
2,,0,666,666,4601.902,0,0,N,0,1,,,,,,
2,,0,666,666,4600.366,0,0,N,0,1,,,,,,
2,,0,666,666,4601.902,0,0,N,0,1,,,,,,
2,,0,666,666,4601.39,0,0,N,0,1,,,,,,
2,,0,666,666,4600.878,0,0,N,0,1,,,,,,
2,,0,666,666,4601.902,0,0,N,0,1,,,,,,
2,,0,666,666,4601.646,0,0,N,0,1,,,,,,
2,,0,666,666,4601.134,0,0,N,0,1,,,,,,
2,,0,666,666,4600.11,0,0,N,0,1,,,,,,
2,,0,666,666,4601.39,0,0,N,0,1,,,,,,
2,,0,666,666,4601.39,0,0,N,0,1,,,,,,
2,,0,666,666,4600.366,0,0,N,0,1,,,,,,
2,,0,666,666,4599.854,0,0,N,0,1,,,,,,
2,,0,666,666,4600.878,0,0,N,0,1,,,,,,
2,,0,666,666,4601.646,0,0,N,0,1,,,,,,
2,,0,666,666,4601.39,0,0,N,0,1,,,,,,
2,,0,666,666,4600.11,0,0,N,0,1,,,,,,
2,,0,666,666,4602.158,0,0,N,0,1,,,,,,
2,,0,666,666,4600.878,0,0,N,0,1,,,,,,
,,,,,,,,,,,,,,,,
2,,0,0,0,0,0,0,N,0,2,,,,,,
2,,0,0,0,0,0,0,N,0,2,,,,,,
,,,,,,,,,,,,,,,,
2,,0,0,0,0,0,0,N,0,2,,,,,,
2,,0,0,0,0,0,0,N,0,2,,,,,,
2,,0,0,0,0,0,0,N,0,2,,,,,,
2,,0,0,0,0,0,0,N,0,2,,,,,,
2,,0,0,0,0,0,0,N,0,2,,,,,,
2,,0,0,0,0,0,0,N,0,2,,,,,,
2,,0,0,0,0,0,0,N,0,2,,,,,,
2,,0,0,0,0,0,0,N,0,2,,,,,,
2,,0,0,0,0,0,0,N,0,2,,,,,,
2,,0,0,0,0,0,0,N,0,2,,,,,,
2,,0,0,0,0,0,0,N,0,2,,,,,,
2,,0,0,0,0,0,0,N,0,2,,,,,,
2,,0,0,0,0,0,0,N,0,2,,,,,,
2,,0,0,0,0,0,0,N,0,2,,,,,,
2,,0,0,0,0,0,0,N,0,2,,,,,,
2,,0,0,0,0,0,0,N,0,2,,,,,,
2,,0,0,0,0,0,0,N,0,2,,,,,,
2,,0,0,0,0,0,0,N,0,2,,,,,,
2,,0,0,0,0,0,0,N,0,2,,,,,,
2,,0,0,0,0,0,0,N,0,2,,,,,,
2,,0,0,0,0,0,0,N,0,2,,,,,,
2,,0,0,0,0,0,0,N,0,2,,,,,,
2,,0,0,0,0,0,0,N,0,2,,,,,,
2,,0,0,0,0,0,0,N,0,2,,,,,,
2,,0,0,0,0,0,0,N,0,2,,,,,,
2,,0,0,0,0,0,0,N,0,2,,,,,,
2,,0,0,0,0,0,0,N,0,2,,,,,,
2,,0,0,0,0,0,0,N,0,2,,,,,,
2,,0,0,0,0,0,0,N,0,2,,,,,,
2,,0,0,0,0,0,0,N,0,2,,,,,,
2,,0,0,0,0,0,0,N,0,2,,,,,,
2,,0,0,0,0,0,0,N,0,2,,,,,,
2,,0,0,0,0,0,0,N,0,2,,,,,,
2,,0,0,0,0,0,0,N,0,2,,,,,,
2,,0,0,0,0,0,0,N,0,2,,,,,,
2,,0,0,0,0,0,0,N,0,2,,,,,,
2,,0,0,0,0,0,0,N,0,2,,,,,,
2,,0,0,0,0,0,0,N,0,2,,,,,,
2,,0,0,0,0,0,0,N,0,2,,,,,,
2,,0,666,666,4601.134,0,0,N,0,1,,,,,,
2,,0,0,0,0,0,0,N,0,2,,,,,,
2,,0,0,0,0,0,0,N,0,2,,,,,,
2,,0,0,0,0,0,0,N,0,2,,,,,,
2,,0,0,0,0,0,0,N,0,2,,,,,,
2,,0,0,0,0,0,0,N,0,2,,,,,,
2,,0,0,0,0,0,0,N,0,2,,,,,,
2,,0,0,0,0,0,0,N,0,2,,,,,,
2,,0,0,0,0,0,0,N,0,2,,,,,,
2,,0,0,0,0,0,0,N,0,2,,,,,,
2,,0,0,0,0,0,0,N,0,2,,,,,,
2,,0,0,0,0,0,0,N,0,2,,,,,,
2,,0,0,0,0,0,0,N,0,2,,,,,,
2,,0,0,0,0,0,0,N,0,2,,,,,,
2,,0,0,0,0,0,0,N,0,2,,,,,,
2,,0,0,0,0,0,0,N,0,2,,,,,,
2,,0,0,0,0,0,0,N,0,2,,,,,,
2,,0,0,0,0,0,0,N,0,2,,,,,,
2,,0,0,0,0,0,0,N,0,2,,,,,,
2,,0,0,0,0,0,0,N,0,2,,,,,,
2,,0,0,0,0,0,0,N,0,2,,,,,,
2,,0,0,0,0,0,0,N,0,2,,,,,,
2,,0,0,0,0,0,0,N,0,2,,,,,,
2,,0,0,0,0,0,0,N,0,2,,,,,,
2,,0,0,0,0,0,0,N,0,2,,,,,,
2,,0,0,0,0,0,0,N,0,2,,,,,,
2,,0,0,0,0,0,0,N,0,2,,,,,,
2,,0,0,0,0,0,0,N,0,2,,,,,,
2,,0,0,0,0,0,0,N,0,2,,,,,,
2,,0,0,0,0,0,0,N,0,2,,,,,,
2,,0,0,0,0,0,0,N,0,2,,,,,,
2,,0,0,0,0,0,0,N,0,2,,,,,,
,,,,,,,,,,,,,,,,
2,,0,0,0,0,0,0,N,0,2,,,,,,
2,,0,0,0,0,0,0,N,0,2,,,,,,
,,,,,,,,,,,,,,,,
,,,,,,,,,,,,,,,,
,,,,,,,,,,,,,,,,
,,,,,,,,,,,,,,,,
,,,,,,,,,,,,,,,,
,,,,,,,,,,,,,,,,
,,,,,,,,,,,,,,,,
,,,,,,,,,,,,,,,,
,,,,,,,,,,,,,,,,
,,,,,,,,,,,,,,,,
,,,,,,,,,,,,,,,,
,,,,,,,,,,,,,,,,
,,,,,,,,,,,,,,,,
,,,,,,,,,,,,,,,,
,,,,,,,,,,,,,,,,
,,,,,,,,,,,,,,,,
,,,,,,,,,,,,,,,,
,,,,,,,,,,,,,,,,
,,,,,,,,,,,,,,,,
,,,,,,,,,,,,,,,,
,,,,,,,,,,,,,,,,
,,,,,,,,,,,,,,,,
,,,,,,,,,,,,,,,,
,,,,,,,,,,,,,,,,
,,,,,,,,,,,,,,,,
,,,,,,,,,,,,,,,,
,,,,,,,,,,,,,,,,
,,,,,,,,,,,,,,,,
,,,,,,,,,,,,,,,,
2,,0,0,0,0,0,0,N,0,2,,,,,,
2,,0,0,0,0,0,0,N,0,2,,,,,,
2,,0,0,0,0,0,0,N,0,2,,,,,,
2,,0,666,666,-666,-666,0,N,0,1,,,,,,
2,,0,666,666,-666,-666,0,N,0,1,,,,,,
2,,0,666,666,-666,-666,0,N,0,1,,,,,,
2,,0,666,666,-666,-666,0,N,0,1,,,,,,
2,,0,666,666,-666,-666,0,N,0,1,,,,,,
2,,0,666,666,-666,-666,0,N,0,1,,,,,,
2,,0,666,666,-666,-666,0,N,0,1,,,,,,
2,,0,666,666,-666,-666,0,N,0,1,,,,,,
2,,0,666,666,-666,-666,0,N,0,1,,,,,,
2,,0,666,666,-666,-666,0,N,0,1,,,,,,
2,,0,666,666,-666,-666,0,N,0,1,,,,,,
2,,0,666,666,-666,-666,0,N,0,1,,,,,,
2,,0,666,666,-666,-666,0,N,0,1,,,,,,
2,,0,666,666,-666,-666,0,N,0,1,,,,,,
2,,0,666,666,-666,-666,0,N,0,1,,,,,,
2,,0,666,666,-666,-666,0,N,0,1,,,,,,
2,,0,666,666,-666,-666,0,N,0,1,,,,,,
2,,0,666,666,-666,-666,0,N,0,1,,,,,,
2,,0,666,666,-666,-666,0,N,0,1,,,,,,
2,,0,666,666,-666,-666,0,N,0,1,,,,,,
2,,0,666,666,-666,-666,0,N,0,1,,,,,,
2,,0,666,666,-666,-666,0,N,0,1,,,,,,
2,,0,666,666,-666,-666,0,N,0,1,,,,,,
2,,0,666,666,-666,-666,0,N,0,1,,,,,,
2,,0,666,666,-666,-666,0,N,0,1,,,,,,
2,,0,666,666,-666,-666,0,N,0,1,,,,,,
2,,0,666,666,-666,-666,0,N,0,1,,,,,,
2,,0,666,666,-666,-666,0,N,0,1,,,,,,
2,,0,666,666,-666,-666,0,N,0,1,,,,,,
2,,0,666,666,-666,-666,0,N,0,1,,,,,,
2,,0,666,666,-666,-666,0,N,0,1,,,,,,
2,,0,666,666,-666,-666,0,N,0,1,,,,,,
2,,0,666,666,-666,-666,0,N,0,1,,,,,,
2,,0,666,666,-666,-666,0,N,0,1,,,,,,
2,,0,666,666,-666,-666,0,N,0,1,,,,,,
2,,0,666,666,-666,-666,0,N,0,1,,,,,,
2,,0,666,666,-666,-666,0,N,0,1,,,,,,
2,,0,666,666,-666,-666,0,N,0,1,,,,,,
2,,0,666,666,-666,-666,0,N,0,1,,,,,,
2,,0,666,666,-666,-666,0,N,0,1,,,,,,
2,,0,666,666,-666,-666,0,N,0,1,,,,,,
2,,0,666,666,-666,-666,0,N,0,1,,,,,,
2,,0,666,666,-666,-666,0,N,0,1,,,,,,
2,,0,666,666,-666,-666,0,N,0,1,,,,,,
2,,0,666,666,-666,-666,0,N,0,1,,,,,,
2,,0,666,666,-666,-666,0,N,0,1,,,,,,
2,,0,666,666,-666,-666,0,N,0,1,,,,,,
2,,0,666,666,-666,-666,0,N,0,1,,,,,,
2,,0,666,666,-666,-666,0,N,0,1,,,,,,
2,,0,666,666,-666,-666,0,N,0,1,,,,,,
2,,0,666,666,-666,-666,0,N,0,1,,,,,,
2,,0,666,666,-666,-666,0,N,0,1,,,,,,
2,,0,666,666,-666,-666,0,N,0,1,,,,,,
2,,0,666,666,-666,-666,0,N,0,1,,,,,,
2,,0,666,666,-666,-666,0,N,0,1,,,,,,
2,,0,666,666,-666,-666,0,N,0,1,,,,,,
2,,0,666,666,-666,-666,0,N,0,1,,,,,,
2,,0,666,666,-666,-666,0,N,0,1,,,,,,
2,,0,666,666,-666,-666,0,N,0,1,,,,,,
2,,0,666,666,-666,-666,0,N,0,1,,,,,,
2,,0,666,666,-666,-666,0,N,0,1,,,,,,
2,,0,666,666,-666,-666,0,N,0,1,,,,,,
2,,0,666,666,-666,-666,0,N,0,1,,,,,,
2,,0,666,666,-666,-666,0,N,0,1,,,,,,
2,,0,666,666,-666,-666,0,N,0,1,,,,,,
2,,0,666,666,-666,-666,0,N,0,1,,,,,,
2,,0,666,666,-666,-666,0,N,0,1,,,,,,
2,,0,666,666,-666,-666,0,N,0,1,,,,,,
2,,0,666,666,-666,-666,0,N,0,1,,,,,,
2,,0,666,666,-666,-666,0,N,0,1,,,,,,
2,,0,666,666,-666,-666,0,N,0,1,,,,,,
2,,0,666,666,-666,-666,0,N,0,1,,,,,,
2,,0,666,666,-666,-666,0,N,0,1,,,,,,
2,,0,666,666,-666,-666,0,N,0,1,,,,,,
2,,0,666,666,-666,-666,0,N,0,1,,,,,,
2,,0,666,666,-666,-666,0,N,0,1,,,,,,
2,,0,666,666,-666,-666,0,N,0,1,,,,,,
2,,0,666,666,-666,-666,0,N,0,1,,,,,,
2,,0,666,666,-666,-666,0,N,0,1,,,,,,
2,,0,666,666,-666,-666,0,N,0,1,,,,,,
2,,0,666,666,-666,-666,0,N,0,1,,,,,,
2,,0,666,666,-666,-666,0,N,0,1,,,,,,
2,,0,666,666,-666,-666,0,N,0,1,,,,,,
2,,0,666,666,-666,-666,0,N,0,1,,,,,,
2,,0,666,666,-666,-666,0,N,0,1,,,,,,
2,,0,666,666,-666,-666,0,N,0,1,,,,,,
2,,0,666,666,-666,-666,0,N,0,1,,,,,,
2,,0,666,666,-666,-666,0,N,0,1,,,,,,
2,,0,666,666,-666,-666,0,N,0,1,,,,,,
2,,0,666,666,-666,-666,0,N,0,1,,,,,,
2,,0,666,666,-666,-666,0,N,0,1,,,,,,
2,,0,666,666,-666,-666,0,N,0,1,,,,,,
2,,0,666,666,-666,-666,0,N,0,1,,,,,,
2,,0,666,666,-666,-666,0,N,0,1,,,,,,
2,,0,666,666,-666,-666,0,N,0,1,,,,,,
2,,0,666,666,-666,-666,0,N,0,1,,,,,,
2,,0,666,666,-666,-666,0,N,0,1,,,,,,
2,,0,666,666,-666,-666,0,N,0,1,,,,,,
2,,0,666,666,-666,-666,0,N,0,1,,,,,,
2,,0,666,666,-666,-666,0,N,0,1,,,,,,
2,,0,666,666,-666,-666,0,N,0,1,,,,,,
2,,0,666,666,-666,-666,0,N,0,1,,,,,,
2,,0,666,666,-666,-666,0,N,0,1,,,,,,
2,,0,666,666,-666,-666,0,N,0,1,,,,,,
2,,0,666,666,-666,-666,0,N,0,1,,,,,,
2,,0,666,666,-666,-666,0,N,0,1,,,,,,
2,,0,666,666,-666,-666,0,N,0,1,,,,,,
2,,0,666,666,-666,-666,0,N,0,1,,,,,,
2,,0,666,666,-666,-666,0,N,0,1,,,,,,
2,,0,666,666,-666,-666,0,N,0,1,,,,,,
2,,0,666,666,-666,-666,0,N,0,1,,,,,,
2,,0,666,666,-666,-666,0,N,0,1,,,,,,
2,,0,666,666,-666,-666,0,N,0,1,,,,,,
2,,0,666,666,-666,-666,0,N,0,1,,,,,,
2,,0,666,666,-666,-666,0,N,0,1,,,,,,
2,,0,666,666,-666,-666,0,N,0,1,,,,,,
2,,0,666,666,-666,-666,0,N,0,1,,,,,,
2,,0,666,666,-666,-666,0,N,0,1,,,,,,
2,,0,666,666,-666,-666,0,N,0,1,,,,,,
2,,0,666,666,-666,-666,0,N,0,1,,,,,,
2,,0,666,666,-666,-666,0,N,0,1,,,,,,
2,,0,666,666,-666,-666,0,N,0,1,,,,,,
2,,0,666,666,-666,-666,0,N,0,1,,,,,,
2,,0,666,666,-666,-666,0,N,0,1,,,,,,
2,,0,666,666,-666,-666,0,N,0,1,,,,,,
2,,0,666,666,-666,-666,0,N,0,1,,,,,,
2,,0,666,666,-666,-666,0,N,0,1,,,,,,
2,,0,666,666,-666,-666,0,N,0,1,,,,,,
2,,0,666,666,-666,-666,0,N,0,1,,,,,,
2,,0,666,666,-666,-666,0,N,0,1,,,,,,
2,,0,666,666,-666,-666,0,N,0,1,,,,,,
2,,0,666,666,-666,-666,0,N,0,1,,,,,,
2,,0,666,666,-666,-666,0,N,0,1,,,,,,
2,,0,666,666,-666,-666,0,N,0,1,,,,,,
2,,0,666,666,-666,-666,0,N,0,1,,,,,,
2,,0,666,666,-666,-666,0,N,0,1,,,,,,
2,,0,666,666,-666,-666,0,N,0,1,,,,,,
2,,0,666,666,-666,-666,0,N,0,1,,,,,,
2,,0,666,666,-666,-666,0,N,0,1,,,,,,
2,,0,666,666,-666,-666,0,N,0,1,,,,,,
2,,0,666,666,-666,-666,0,N,0,1,,,,,,
2,,0,666,666,-666,-666,0,N,0,1,,,,,,
2,,0,666,666,-666,-666,0,N,0,1,,,,,,
2,,0,666,666,-666,-666,0,N,0,1,,,,,,
2,,0,666,666,-666,-666,0,N,0,1,,,,,,
2,,0,666,666,-666,-666,0,N,0,1,,,,,,
2,,0,666,666,-666,-666,0,N,0,1,,,,,,
2,,0,666,666,-666,-666,0,N,0,1,,,,,,
2,,0,666,666,-666,-666,0,N,0,1,,,,,,
2,,0,666,666,-666,-666,0,N,0,1,,,,,,
2,,0,666,666,-666,-666,0,N,0,1,,,,,,
2,,0,666,666,-666,-666,0,N,0,1,,,,,,
2,,0,666,666,-666,-666,0,N,0,1,,,,,,
2,,0,666,666,-666,-666,0,N,0,1,,,,,,
2,,0,666,666,-666,-666,0,N,0,1,,,,,,
2,,0,666,666,-666,-666,0,N,0,1,,,,,,
2,,0,666,666,-666,-666,0,N,0,1,,,,,,
2,,0,666,666,-666,-666,0,N,0,1,,,,,,
2,,0,666,666,-666,-666,0,N,0,1,,,,,,
2,,0,666,666,-666,-666,0,N,0,1,,,,,,
2,,0,666,666,-666,-666,0,N,0,1,,,,,,
2,,0,666,666,-666,-666,0,N,0,1,,,,,,
2,,0,666,666,-666,-666,0,N,0,1,,,,,,
2,,0,666,666,-666,-666,0,N,0,1,,,,,,
2,,0,666,666,-666,-666,0,N,0,1,,,,,,
2,,0,666,666,-666,-666,0,N,0,1,,,,,,
2,,0,666,666,-666,-666,0,N,0,1,,,,,,
2,,0,666,666,-666,-666,0,N,0,1,,,,,,
2,,0,666,666,-666,-666,0,N,0,1,,,,,,
2,,0,666,666,-666,-666,0,N,0,1,,,,,,
2,,0,666,666,-666,-666,0,N,0,1,,,,,,
2,,0,666,666,-666,-666,0,N,0,1,,,,,,
2,,0,666,666,-666,-666,0,N,0,1,,,,,,
2,,0,666,666,-666,-666,0,N,0,1,,,,,,
2,,0,666,666,-666,-666,0,N,0,1,,,,,,
2,,0,666,666,-666,-666,0,N,0,1,,,,,,
2,,0,666,666,-666,-666,0,N,0,1,,,,,,
2,,0,666,666,-666,-666,0,N,0,1,,,,,,
2,,0,666,666,-666,-666,0,N,0,1,,,,,,
2,,0,666,666,-666,-666,0,N,0,1,,,,,,
2,,0,666,666,-666,-666,0,N,0,1,,,,,,
2,,0,666,666,-666,-666,0,N,0,1,,,,,,
2,,0,666,666,-666,-666,0,N,0,1,,,,,,
2,,0,666,666,-666,-666,0,N,0,1,,,,,,
2,,0,666,666,-666,-666,0,N,0,1,,,,,,
2,,0,666,666,-666,-666,0,N,0,1,,,,,,
2,,0,666,666,-666,-666,0,N,0,1,,,,,,
2,,0,666,666,-666,-666,0,N,0,1,,,,,,
2,,0,666,666,-666,-666,0,N,0,1,,,,,,
2,,0,666,666,-666,-666,0,N,0,1,,,,,,
2,,0,666,666,-666,-666,0,N,0,1,,,,,,
2,,0,666,666,-666,-666,0,N,0,1,,,,,,
2,,0,666,666,-666,-666,0,N,0,1,,,,,,
2,,0,666,666,-666,-666,0,N,0,1,,,,,,
2,,0,666,666,-666,-666,0,N,0,1,,,,,,
2,,0,666,666,-666,-666,0,N,0,1,,,,,,
2,,0,666,666,-666,-666,0,N,0,1,,,,,,
2,,0,666,666,-666,-666,0,N,0,1,,,,,,
2,,0,666,666,-666,-666,0,N,0,1,,,,,,
2,,0,666,666,-666,-666,0,N,0,1,,,,,,
2,,0,666,666,-666,-666,0,N,0,1,,,,,,
2,,0,666,666,-666,-666,0,N,0,1,,,,,,
2,,0,666,666,-666,-666,0,N,0,1,,,,,,
2,,0,666,666,-666,-666,0,N,0,1,,,,,,
2,,0,666,666,-666,-666,0,N,0,1,,,,,,
2,,0,666,666,-666,-666,0,N,0,1,,,,,,
2,,0,666,666,-666,-666,0,N,0,1,,,,,,
2,,0,666,666,-666,-666,0,N,0,1,,,,,,
2,,0,666,666,-666,-666,0,N,0,1,,,,,,
2,,0,666,666,-666,-666,0,N,0,1,,,,,,
2,,0,666,666,-666,-666,0,N,0,1,,,,,,
2,,0,666,666,-666,-666,0,N,0,1,,,,,,
2,,0,666,666,-666,-666,0,N,0,1,,,,,,
2,,0,666,666,-666,-666,0,N,0,1,,,,,,
2,,0,666,666,-666,-666,0,N,0,1,,,,,,
2,,0,666,666,-666,-666,0,N,0,1,,,,,,
2,,0,666,666,-666,-666,0,N,0,1,,,,,,
2,,0,666,666,-666,-666,0,N,0,1,,,,,,
2,,0,666,666,-666,-666,0,N,0,1,,,,,,
2,,0,666,666,-666,-666,0,N,0,1,,,,,,
2,,0,666,666,-666,-666,0,N,0,1,,,,,,
2,,0,666,666,-666,-666,0,N,0,1,,,,,,
2,,0,666,666,-666,-666,0,N,0,1,,,,,,
2,,0,666,666,-666,-666,0,N,0,1,,,,,,
2,,0,666,666,-666,-666,0,N,0,1,,,,,,
2,,0,666,666,-666,-666,0,N,0,1,,,,,,
2,,0,666,666,-666,-666,0,N,0,1,,,,,,
2,,0,666,666,-666,-666,0,N,0,1,,,,,,
2,,0,666,666,-666,-666,0,N,0,1,,,,,,
2,,0,666,666,-666,-666,0,N,0,1,,,,,,
2,,0,666,666,-666,-666,0,N,0,1,,,,,,
2,,0,666,666,-666,-666,0,N,0,1,,,,,,
2,,0,666,666,-666,-666,0,N,0,1,,,,,,
2,,0,666,666,-666,-666,0,N,0,1,,,,,,
2,,0,666,666,-666,-666,0,N,0,1,,,,,,
2,,0,666,666,-666,-666,0,N,0,1,,,,,,
2,,0,666,666,-666,-666,0,N,0,1,,,,,,
2,,0,666,666,-666,-666,0,N,0,1,,,,,,
2,,0,666,666,-666,-666,0,N,0,1,,,,,,
2,,0,666,666,-666,-666,0,N,0,1,,,,,,
2,,0,666,666,-666,-666,0,N,0,1,,,,,,
2,,0,666,666,-666,-666,0,N,0,1,,,,,,
2,,0,666,666,-666,-666,0,N,0,1,,,,,,
2,,0,666,666,-666,-666,0,N,0,1,,,,,,
2,,0,666,666,-666,-666,0,N,0,1,,,,,,
2,,0,666,666,-666,-666,0,N,0,1,,,,,,
2,,0,666,666,-666,-666,0,N,0,1,,,,,,
2,,0,666,666,-666,-666,0,N,0,1,,,,,,
2,,0,666,666,-666,-666,0,N,0,1,,,,,,
2,,0,666,666,-666,-666,0,N,0,1,,,,,,
2,,0,666,666,-666,-666,0,N,0,1,,,,,,
2,,0,666,666,-666,-666,0,N,0,1,,,,,,
2,,0,666,666,-666,-666,0,N,0,1,,,,,,
2,,0,666,666,-666,-666,0,N,0,1,,,,,,
2,,0,666,666,-666,-666,0,N,0,1,,,,,,
2,,0,666,666,-666,-666,0,N,0,1,,,,,,
2,,0,666,666,-666,-666,0,N,0,1,,,,,,
2,,0,666,666,-666,-666,0,N,0,1,,,,,,
2,,0,666,666,-666,-666,0,N,0,1,,,,,,
2,,0,666,666,-666,-666,0,N,0,1,,,,,,
2,,0,666,666,-666,-666,0,N,0,1,,,,,,
2,,0,666,666,-666,-666,0,N,0,1,,,,,,
2,,0,666,666,-666,-666,0,N,0,1,,,,,,
2,,0,666,666,-666,-666,0,N,0,1,,,,,,
2,,0,666,666,-666,-666,0,N,0,1,,,,,,
2,,0,666,666,-666,-666,0,N,0,1,,,,,,
2,,0,666,666,-666,-666,0,N,0,1,,,,,,
2,,0,666,666,-666,-666,0,N,0,1,,,,,,
2,,0,666,666,-666,-666,0,N,0,1,,,,,,
2,,0,666,666,-666,-666,0,N,0,1,,,,,,
2,,0,666,666,-666,-666,0,N,0,1,,,,,,
2,,0,666,666,-666,-666,0,N,0,1,,,,,,
2,,0,666,666,-666,-666,0,N,0,1,,,,,,
2,,0,666,666,-666,-666,0,N,0,1,,,,,,
2,,0,666,666,-666,-666,0,N,0,1,,,,,,
2,,0,666,666,-666,-666,0,N,0,1,,,,,,
2,,0,666,666,-666,-666,0,N,0,1,,,,,,
2,,0,666,666,-666,-666,0,N,0,1,,,,,,
2,,0,666,666,-666,-666,0,N,0,1,,,,,,
2,,0,666,666,-666,-666,0,N,0,1,,,,,,
2,,0,666,666,-666,-666,0,N,0,1,,,,,,
2,,0,666,666,-666,-666,0,N,0,1,,,,,,
2,,0,666,666,-666,-666,0,N,0,1,,,,,,
2,,0,666,666,-666,-666,0,N,0,1,,,,,,
2,,0,666,666,-666,-666,0,N,0,1,,,,,,
2,,0,666,666,-666,-666,0,N,0,1,,,,,,
2,,0,666,666,-666,-666,0,N,0,1,,,,,,
2,,0,666,666,-666,-666,0,N,0,1,,,,,,
2,,0,666,666,-666,-666,0,N,0,1,,,,,,
2,,0,666,666,-666,-666,0,N,0,1,,,,,,
2,,0,666,666,-666,-666,0,N,0,1,,,,,,
2,,0,666,666,-666,-666,0,N,0,1,,,,,,
2,,0,666,666,-666,-666,0,N,0,1,,,,,,
2,,0,666,666,-666,-666,0,N,0,1,,,,,,
2,,0,666,666,-666,-666,0,N,0,1,,,,,,
2,,0,666,666,-666,-666,0,N,0,1,,,,,,
2,,0,666,666,-666,-666,0,N,0,1,,,,,,
2,,0,666,666,-666,-666,0,N,0,1,,,,,,
2,,0,666,666,-666,-666,0,N,0,1,,,,,,
2,,0,666,666,-666,-666,0,N,0,1,,,,,,
2,,0,666,666,-666,-666,0,N,0,1,,,,,,
2,,0,666,666,-666,-666,0,N,0,1,,,,,,
2,,0,666,666,-666,-666,0,N,0,1,,,,,,
2,,0,666,666,-666,-666,0,N,0,1,,,,,,
2,,0,666,666,-666,-666,0,N,0,1,,,,,,
2,,0,666,666,-666,-666,0,N,0,1,,,,,,
2,,0,666,666,-666,-666,0,N,0,1,,,,,,
2,,0,666,666,-666,-666,0,N,0,1,,,,,,
2,,0,666,666,-666,-666,0,N,0,1,,,,,,
2,,0,666,666,-666,-666,0,N,0,1,,,,,,
2,,0,666,666,-666,-666,0,N,0,1,,,,,,
2,,0,666,666,-666,-666,0,N,0,1,,,,,,
2,,0,666,666,-666,-666,0,N,0,1,,,,,,
2,,0,666,666,-666,-666,0,N,0,1,,,,,,
2,,0,666,666,-666,-666,0,N,0,1,,,,,,
2,,0,666,666,-666,-666,0,N,0,1,,,,,,
2,,0,666,666,-666,-666,0,N,0,1,,,,,,
2,,0,666,666,-666,-666,0,N,0,1,,,,,,
2,,0,666,666,-666,-666,0,N,0,1,,,,,,
2,,0,666,666,-666,-666,0,N,0,1,,,,,,
2,,0,666,666,-666,-666,0,N,0,1,,,,,,
2,,0,666,666,-666,-666,0,N,0,1,,,,,,
2,,0,666,666,-666,-666,0,N,0,1,,,,,,
2,,0,666,666,-666,-666,0,N,0,1,,,,,,
2,,0,666,666,-666,-666,0,N,0,1,,,,,,
2,,0,666,666,-666,-666,0,N,0,1,,,,,,
2,,0,666,666,-666,-666,0,N,0,1,,,,,,
2,,0,666,666,-666,-666,0,N,0,1,,,,,,
2,,0,666,666,-666,-666,0,N,0,1,,,,,,
2,,0,666,666,-666,-666,0,N,0,1,,,,,,
2,,0,666,666,-666,-666,0,N,0,1,,,,,,
2,,0,666,666,-666,-666,0,N,0,1,,,,,,
2,,0,666,666,-666,-666,0,N,0,1,,,,,,
2,,0,666,666,-666,-666,0,N,0,1,,,,,,
2,,0,666,666,-666,-666,0,N,0,1,,,,,,
2,,0,666,666,-666,-666,0,N,0,1,,,,,,
2,,0,666,666,-666,-666,0,N,0,1,,,,,,
2,,0,666,666,-666,-666,0,N,0,1,,,,,,
2,,0,666,666,-666,-666,0,N,0,1,,,,,,
2,,0,666,666,-666,-666,0,N,0,1,,,,,,
2,,0,666,666,-666,-666,0,N,0,1,,,,,,
2,,0,666,666,-666,-666,0,N,0,1,,,,,,
2,,0,666,666,-666,-666,0,N,0,1,,,,,,
2,,0,666,666,-666,-666,0,N,0,1,,,,,,
2,,0,666,666,-666,-666,0,N,0,1,,,,,,
2,,0,666,666,-666,-666,0,N,0,1,,,,,,
2,,0,666,666,-666,-666,0,N,0,1,,,,,,
2,,0,666,666,-666,-666,0,N,0,1,,,,,,
2,,0,666,666,-666,-666,0,N,0,1,,,,,,
2,,0,666,666,-666,-666,0,N,0,1,,,,,,
2,,0,666,666,-666,-666,0,N,0,1,,,,,,
2,,0,666,666,-666,-666,0,N,0,1,,,,,,
2,,0,666,666,-666,-666,0,N,0,1,,,,,,
2,,0,666,666,-666,-666,0,N,0,1,,,,,,
2,,0,666,666,-666,-666,0,N,0,1,,,,,,
2,,0,666,666,-666,-666,0,N,0,1,,,,,,
2,,0,666,666,-666,-666,0,N,0,1,,,,,,
2,,0,666,666,-666,-666,0,N,0,1,,,,,,
2,,0,666,666,-666,-666,0,N,0,1,,,,,,
2,,0,666,666,-666,-666,0,N,0,1,,,,,,
2,,0,666,666,-666,-666,0,N,0,1,,,,,,
2,,0,666,666,-666,-666,0,N,0,1,,,,,,
2,,0,666,666,-666,-666,0,N,0,1,,,,,,
2,,0,666,666,-666,-666,0,N,0,1,,,,,,
2,,0,666,666,-666,-666,0,N,0,1,,,,,,
2,,0,666,666,-666,-666,0,N,0,1,,,,,,
2,,0,666,666,-666,-666,0,N,0,1,,,,,,
2,,0,666,666,-666,-666,0,N,0,1,,,,,,
2,,0,666,666,-666,-666,0,N,0,1,,,,,,
2,,0,666,666,-666,-666,0,N,0,1,,,,,,
2,,0,666,666,-666,-666,0,N,0,1,,,,,,
2,,0,666,666,-666,-666,0,N,0,1,,,,,,
2,,0,666,666,-666,-666,0,N,0,1,,,,,,
2,,0,666,666,-666,-666,0,N,0,1,,,,,,
2,,0,666,666,-666,-666,0,N,0,1,,,,,,
2,,0,666,666,-666,-666,0,N,0,1,,,,,,
2,,0,666,666,-666,-666,0,N,0,1,,,,,,
2,,0,666,666,-666,-666,0,N,0,1,,,,,,
2,,0,666,666,-666,-666,0,N,0,1,,,,,,
2,,0,666,666,-666,-666,0,N,0,1,,,,,,
2,,0,666,666,-666,-666,0,N,0,1,,,,,,
2,,0,666,666,-666,-666,0,N,0,1,,,,,,
2,,0,666,666,-666,-666,0,N,0,1,,,,,,
2,,0,666,666,-666,-666,0,N,0,1,,,,,,
2,,0,666,666,-666,-666,0,N,0,1,,,,,,
2,,0,666,666,-666,-666,0,N,0,1,,,,,,
2,,0,666,666,-666,-666,0,N,0,1,,,,,,
2,,0,666,666,-666,-666,0,N,0,1,,,,,,
2,,0,666,666,-666,-666,0,N,0,1,,,,,,
2,,0,666,666,-666,-666,0,N,0,1,,,,,,
2,,0,666,666,-666,-666,0,N,0,1,,,,,,
2,,0,666,666,-666,-666,0,N,0,1,,,,,,
2,,0,666,666,-666,-666,0,N,0,1,,,,,,
2,,0,666,666,-666,-666,0,N,0,1,,,,,,
2,,0,666,666,-666,-666,0,N,0,1,,,,,,
2,,0,666,666,-666,-666,0,N,0,1,,,,,,
2,,0,666,666,-666,-666,0,N,0,1,,,,,,
2,,0,666,666,-666,-666,0,N,0,1,,,,,,
2,,0,666,666,-666,-666,0,N,0,1,,,,,,
2,,0,666,666,-666,-666,0,N,0,1,,,,,,
2,,0,666,666,-666,-666,0,N,0,1,,,,,,
2,,0,666,666,-666,-666,0,N,0,1,,,,,,
2,,0,666,666,-666,-666,0,N,0,1,,,,,,
2,,0,666,666,-666,-666,0,N,0,1,,,,,,
2,,0,666,666,-666,-666,0,N,0,1,,,,,,
2,,0,666,666,-666,-666,0,N,0,1,,,,,,
2,,0,666,666,-666,-666,0,N,0,1,,,,,,
2,,0,666,666,-666,-666,0,N,0,1,,,,,,
2,,0,666,666,-666,-666,0,N,0,1,,,,,,
2,,0,666,666,-666,-666,0,N,0,1,,,,,,
2,,0,666,666,-666,-666,0,N,0,1,,,,,,
2,,0,666,666,-666,-666,0,N,0,1,,,,,,
2,,0,666,666,-666,-666,0,N,0,1,,,,,,
2,,0,666,666,-666,-666,0,N,0,1,,,,,,
2,,0,666,666,-666,-666,0,N,0,1,,,,,,
2,,0,666,666,-666,-666,0,N,0,1,,,,,,
2,,0,666,666,-666,-666,0,N,0,1,,,,,,
2,,0,666,666,-666,-666,0,N,0,1,,,,,,
2,,0,666,666,-666,-666,0,N,0,1,,,,,,
2,,0,666,666,-666,-666,0,N,0,1,,,,,,
2,,0,666,666,-666,-666,0,N,0,1,,,,,,
2,,0,666,666,-666,-666,0,N,0,1,,,,,,
2,,0,666,666,-666,-666,0,N,0,1,,,,,,
2,,0,666,666,-666,-666,0,N,0,1,,,,,,
2,,0,666,666,-666,-666,0,N,0,1,,,,,,
2,,0,666,666,-666,-666,0,N,0,1,,,,,,
2,,0,666,666,-666,-666,0,N,0,1,,,,,,
2,,0,666,666,-666,-666,0,N,0,1,,,,,,
2,,0,666,666,-666,-666,0,N,0,1,,,,,,
2,,0,666,666,-666,-666,0,N,0,1,,,,,,
2,,0,666,666,-666,-666,0,N,0,1,,,,,,
2,,0,666,666,-666,-666,0,N,0,1,,,,,,
2,,0,666,666,-666,-666,0,N,0,1,,,,,,
2,,0,666,666,-666,-666,0,N,0,1,,,,,,
2,,0,666,666,-666,-666,0,N,0,1,,,,,,
2,,0,666,666,-666,-666,0,N,0,1,,,,,,
2,,0,666,666,-666,-666,0,N,0,1,,,,,,
2,,0,666,666,-666,-666,0,N,0,1,,,,,,
2,,0,666,666,-666,-666,0,N,0,1,,,,,,
2,,0,666,666,-666,-666,0,N,0,1,,,,,,
2,,0,666,666,-666,-666,0,N,0,1,,,,,,
2,,0,666,666,-666,-666,0,N,0,1,,,,,,
2,,0,666,666,-666,-666,0,N,0,1,,,,,,
2,,0,666,666,-666,-666,0,N,0,1,,,,,,
2,,0,666,666,-666,-666,0,N,0,1,,,,,,
2,,0,666,666,-666,-666,0,N,0,1,,,,,,
2,,0,666,666,-666,-666,0,N,0,1,,,,,,
2,,0,666,666,-666,-666,0,N,0,1,,,,,,
2,,0,666,666,-666,-666,0,N,0,1,,,,,,
2,,0,666,666,-666,-666,0,N,0,1,,,,,,
2,,0,666,666,-666,-666,0,N,0,1,,,,,,
2,,0,666,666,-666,-666,0,N,0,1,,,,,,
2,,0,666,666,-666,-666,0,N,0,1,,,,,,
2,,0,666,666,-666,-666,0,N,0,1,,,,,,
2,,0,666,666,-666,-666,0,N,0,1,,,,,,
2,,0,666,666,-666,-666,0,N,0,1,,,,,,
2,,0,666,666,-666,-666,0,N,0,1,,,,,,
2,,0,666,666,-666,-666,0,N,0,1,,,,,,
2,,0,666,666,-666,-666,0,N,0,1,,,,,,
2,,0,666,666,-666,-666,0,N,0,1,,,,,,
2,,0,666,666,-666,-666,0,N,0,1,,,,,,
2,,0,666,666,-666,-666,0,N,0,1,,,,,,
2,,0,666,666,-666,-666,0,N,0,1,,,,,,
2,,0,666,666,-666,-666,0,N,0,1,,,,,,
2,,0,666,666,-666,-666,0,N,0,1,,,,,,
2,,0,666,666,-666,-666,0,N,0,1,,,,,,
2,,0,666,666,-666,-666,0,N,0,1,,,,,,
2,,0,666,666,-666,-666,0,N,0,1,,,,,,
2,,0,666,666,-666,-666,0,N,0,1,,,,,,
2,,0,666,666,-666,-666,0,N,0,1,,,,,,
2,,0,666,666,-666,-666,0,N,0,1,,,,,,
2,,0,666,666,-666,-666,0,N,0,1,,,,,,
2,,0,666,666,-666,-666,0,N,0,1,,,,,,
2,,0,666,666,-666,-666,0,N,0,1,,,,,,
2,,0,666,666,-666,-666,0,N,0,1,,,,,,
2,,0,666,666,-666,-666,0,N,0,1,,,,,,
2,,0,666,666,-666,-666,0,N,0,1,,,,,,
2,,0,666,666,-666,-666,0,N,0,1,,,,,,
2,,0,666,666,-666,-666,0,N,0,1,,,,,,
2,,0,666,666,-666,-666,0,N,0,1,,,,,,
2,,0,666,666,-666,-666,0,N,0,1,,,,,,
2,,0,666,666,-666,-666,0,N,0,1,,,,,,
2,,0,666,666,-666,-666,0,N,0,1,,,,,,
2,,0,666,666,-666,-666,0,N,0,1,,,,,,
2,,0,666,666,-666,-666,0,N,0,1,,,,,,
2,,0,666,666,-666,-666,0,N,0,1,,,,,,
2,,0,666,666,-666,-666,0,N,0,1,,,,,,
2,,0,666,666,-666,-666,0,N,0,1,,,,,,
2,,0,666,666,-666,-666,0,N,0,1,,,,,,
2,,0,666,666,-666,-666,0,N,0,1,,,,,,
2,,0,666,666,-666,-666,0,N,0,1,,,,,,
2,,0,666,666,-666,-666,0,N,0,1,,,,,,
2,,0,666,666,-666,-666,0,N,0,1,,,,,,
2,,0,666,666,-666,-666,0,N,0,1,,,,,,
2,,0,666,666,-666,-666,0,N,0,1,,,,,,
2,,0,666,666,-666,-666,0,N,0,1,,,,,,
2,,0,666,666,-666,-666,0,N,0,1,,,,,,
2,,0,666,666,-666,-666,0,N,0,1,,,,,,
2,,0,666,666,-666,-666,0,N,0,1,,,,,,
2,,0,666,666,-666,-666,0,N,0,1,,,,,,
2,,0,666,666,-666,-666,0,N,0,1,,,,,,
2,,0,666,666,-666,-666,0,N,0,1,,,,,,
2,,0,666,666,-666,-666,0,N,0,1,,,,,,
2,,0,666,666,-666,-666,0,N,0,1,,,,,,
2,,0,666,666,-666,-666,0,N,0,1,,,,,,
2,,0,666,666,-666,-666,0,N,0,1,,,,,,
2,,0,666,666,-666,-666,0,N,0,1,,,,,,
2,,0,666,666,-666,-666,0,N,0,1,,,,,,
2,,0,666,666,-666,-666,0,N,0,1,,,,,,
2,,0,666,666,-666,-666,0,N,0,1,,,,,,
2,,0,666,666,-666,-666,0,N,0,1,,,,,,
2,,0,666,666,-666,-666,0,N,0,1,,,,,,
2,,0,666,666,-666,-666,0,N,0,1,,,,,,
2,,0,666,666,-666,-666,0,N,0,1,,,,,,
2,,0,666,666,-666,-666,0,N,0,1,,,,,,
2,,0,666,666,-666,-666,0,N,0,1,,,,,,
2,,0,666,666,-666,-666,0,N,0,1,,,,,,
2,,0,666,666,-666,-666,0,N,0,1,,,,,,
2,,0,666,666,-666,-666,0,N,0,1,,,,,,
2,,0,666,666,-666,-666,0,N,0,1,,,,,,
2,,0,666,666,-666,-666,0,N,0,1,,,,,,
2,,0,666,666,-666,-666,0,N,0,1,,,,,,
2,,0,666,666,-666,-666,0,N,0,1,,,,,,
2,,0,666,666,-666,-666,0,N,0,1,,,,,,
2,,0,666,666,-666,-666,0,N,0,1,,,,,,
2,,0,666,666,-666,-666,0,N,0,1,,,,,,
2,,0,666,666,-666,-666,0,N,0,1,,,,,,
2,,0,666,666,-666,-666,0,N,0,1,,,,,,
2,,0,666,666,-666,-666,0,N,0,1,,,,,,
2,,0,666,666,-666,-666,0,N,0,1,,,,,,
2,,0,666,666,-666,-666,0,N,0,1,,,,,,
2,,0,666,666,-666,-666,0,N,0,1,,,,,,
2,,0,666,666,-666,-666,0,N,0,1,,,,,,
2,,0,666,666,-666,-666,0,N,0,1,,,,,,
2,,0,666,666,-666,-666,0,N,0,1,,,,,,
2,,0,666,666,-666,-666,0,N,0,1,,,,,,
2,,0,666,666,-666,-666,0,N,0,1,,,,,,
2,,0,666,666,-666,-666,0,N,0,1,,,,,,
2,,0,666,666,-666,-666,0,N,0,1,,,,,,
2,,0,666,666,-666,-666,0,N,0,1,,,,,,
2,,0,666,666,-666,-666,0,N,0,1,,,,,,
2,,0,666,666,-666,-666,0,N,0,1,,,,,,
2,,0,666,666,-666,-666,0,N,0,1,,,,,,
2,,0,666,666,-666,-666,0,N,0,1,,,,,,
2,,0,666,666,-666,-666,0,N,0,1,,,,,,
2,,0,666,666,-666,-666,0,N,0,1,,,,,,
2,,0,666,666,-666,-666,0,N,0,1,,,,,,
2,,0,666,666,-666,-666,0,N,0,1,,,,,,
2,,0,666,666,-666,-666,0,N,0,1,,,,,,
2,,0,666,666,-666,-666,0,N,0,1,,,,,,
2,,0,666,666,-666,-666,0,N,0,1,,,,,,
2,,0,666,666,-666,-666,0,N,0,1,,,,,,
2,,0,666,666,-666,-666,0,N,0,1,,,,,,
2,,0,666,666,-666,-666,0,N,0,1,,,,,,
2,,0,666,666,-666,-666,0,N,0,1,,,,,,
2,,0,666,666,-666,-666,0,N,0,1,,,,,,
2,,0,666,666,-666,-666,0,N,0,1,,,,,,
2,,0,666,666,-666,-666,0,N,0,1,,,,,,
2,,0,666,666,-666,-666,0,N,0,1,,,,,,
2,,0,666,666,-666,-666,0,N,0,1,,,,,,
2,,0,666,666,-666,-666,0,N,0,1,,,,,,
2,,0,666,666,-666,-666,0,N,0,1,,,,,,
2,,0,666,666,-666,-666,0,N,0,1,,,,,,
2,,0,666,666,-666,-666,0,N,0,1,,,,,,
2,,0,666,666,-666,-666,0,N,0,1,,,,,,
2,,0,666,666,-666,-666,0,N,0,1,,,,,,
2,,0,666,666,-666,-666,0,N,0,1,,,,,,
2,,0,666,666,-666,-666,0,N,0,1,,,,,,
2,,0,666,666,-666,-666,0,N,0,1,,,,,,
2,,0,666,666,-666,-666,0,N,0,1,,,,,,
2,,0,666,666,-666,-666,0,N,0,1,,,,,,
2,,0,666,666,-666,-666,0,N,0,1,,,,,,
2,,0,666,666,-666,-666,0,N,0,1,,,,,,
2,,0,666,666,-666,-666,0,N,0,1,,,,,,
2,,0,666,666,-666,-666,0,N,0,1,,,,,,
2,,0,666,666,-666,-666,0,N,0,1,,,,,,
2,,0,666,666,-666,-666,0,N,0,1,,,,,,
2,,0,666,666,-666,-666,0,N,0,1,,,,,,
2,,0,666,666,-666,-666,0,N,0,1,,,,,,
2,,0,666,666,-666,-666,0,N,0,1,,,,,,
2,,0,666,666,-666,-666,0,N,0,1,,,,,,
2,,0,666,666,-666,-666,0,N,0,1,,,,,,
2,,0,666,666,-666,-666,0,N,0,1,,,,,,
2,,0,666,666,-666,-666,0,N,0,1,,,,,,
2,,0,666,666,-666,-666,0,N,0,1,,,,,,
2,,0,666,666,-666,-666,0,N,0,1,,,,,,
2,,0,666,666,-666,-666,0,N,0,1,,,,,,
2,,0,666,666,-666,-666,0,N,0,1,,,,,,
2,,0,666,666,-666,-666,0,N,0,1,,,,,,
2,,0,666,666,-666,-666,0,N,0,1,,,,,,
2,,0,666,666,-666,-666,0,N,0,1,,,,,,
2,,0,666,666,-666,-666,0,N,0,1,,,,,,
2,,0,666,666,-666,-666,0,N,0,1,,,,,,
2,,0,666,666,-666,-666,0,N,0,1,,,,,,
2,,0,666,666,-666,-666,0,N,0,1,,,,,,
2,,0,666,666,-666,-666,0,N,0,1,,,,,,
2,,0,666,666,-666,-666,0,N,0,1,,,,,,
2,,0,666,666,-666,-666,0,N,0,1,,,,,,
2,,0,666,666,-666,-666,0,N,0,1,,,,,,
2,,0,666,666,-666,-666,0,N,0,1,,,,,,
2,,0,666,666,-666,-666,0,N,0,1,,,,,,
2,,0,666,666,-666,-666,0,N,0,1,,,,,,
2,,0,666,666,-666,-666,0,N,0,1,,,,,,
2,,0,666,666,-666,-666,0,N,0,1,,,,,,
2,,0,666,666,-666,-666,0,N,0,1,,,,,,
2,,0,666,666,-666,-666,0,N,0,1,,,,,,
2,,0,666,666,-666,-666,0,N,0,1,,,,,,
2,,0,666,666,-666,-666,0,N,0,1,,,,,,
2,,0,666,666,-666,-666,0,N,0,1,,,,,,
2,,0,666,666,-666,-666,0,N,0,1,,,,,,
2,,0,666,666,-666,-666,0,N,0,1,,,,,,
2,,0,666,666,-666,-666,0,N,0,1,,,,,,
2,,0,666,666,-666,-666,0,N,0,1,,,,,,
2,,0,666,666,-666,-666,0,N,0,1,,,,,,
2,,0,666,666,-666,-666,0,N,0,1,,,,,,
2,,0,666,666,-666,-666,0,N,0,1,,,,,,
2,,0,666,666,-666,-666,0,N,0,1,,,,,,
2,,0,666,666,-666,-666,0,N,0,1,,,,,,
2,,0,666,666,-666,-666,0,N,0,1,,,,,,
2,,0,666,666,-666,-666,0,N,0,1,,,,,,
2,,0,666,666,-666,-666,0,N,0,1,,,,,,
2,,0,666,666,-666,-666,0,N,0,1,,,,,,
2,,0,666,666,-666,-666,0,N,0,1,,,,,,
2,,0,666,666,-666,-666,0,N,0,1,,,,,,
2,,0,666,666,-666,-666,0,N,0,1,,,,,,
2,,0,666,666,-666,-666,0,N,0,1,,,,,,
2,,0,666,666,-666,-666,0,N,0,1,,,,,,
2,,0,666,666,-666,-666,0,N,0,1,,,,,,
2,,0,666,666,-666,-666,0,N,0,1,,,,,,
2,,0,666,666,-666,-666,0,N,0,1,,,,,,
2,,0,666,666,-666,-666,0,N,0,1,,,,,,
2,,0,666,666,-666,-666,0,N,0,1,,,,,,
2,,0,666,666,-666,-666,0,N,0,1,,,,,,
2,,0,666,666,-666,-666,0,N,0,1,,,,,,
2,,0,666,666,-666,-666,0,N,0,1,,,,,,
2,,0,666,666,-666,-666,0,N,0,1,,,,,,
2,,0,666,666,-666,-666,0,N,0,1,,,,,,
2,,0,666,666,-666,-666,0,N,0,1,,,,,,
2,,0,666,666,-666,-666,0,N,0,1,,,,,,
2,,0,666,666,-666,-666,0,N,0,1,,,,,,
2,,0,666,666,-666,-666,0,N,0,1,,,,,,
2,,0,666,666,-666,-666,0,N,0,1,,,,,,
2,,0,666,666,-666,-666,0,N,0,1,,,,,,
2,,0,666,666,-666,-666,0,N,0,1,,,,,,
2,,0,666,666,-666,-666,0,N,0,1,,,,,,
2,,0,666,666,-666,-666,0,N,0,1,,,,,,
2,,0,666,666,-666,-666,0,N,0,1,,,,,,
2,,0,666,666,-666,-666,0,N,0,1,,,,,,
2,,0,666,666,-666,-666,0,N,0,1,,,,,,
2,,0,666,666,-666,-666,0,N,0,1,,,,,,
2,,0,666,666,-666,-666,0,N,0,1,,,,,,
2,,0,666,666,-666,-666,0,N,0,1,,,,,,
2,,0,666,666,-666,-666,0,N,0,1,,,,,,
2,,0,666,666,-666,-666,0,N,0,1,,,,,,
2,,0,666,666,-666,-666,0,N,0,1,,,,,,
2,,0,666,666,-666,-666,0,N,0,1,,,,,,
2,,0,666,666,-666,-666,0,N,0,1,,,,,,
2,,0,666,666,-666,-666,0,N,0,1,,,,,,
2,,0,666,666,-666,-666,0,N,0,1,,,,,,
2,,0,666,666,-666,-666,0,N,0,1,,,,,,
2,,0,666,666,-666,-666,0,N,0,1,,,,,,
2,,0,666,666,-666,-666,0,N,0,1,,,,,,
2,,0,666,666,-666,-666,0,N,0,1,,,,,,
2,,0,666,666,-666,-666,0,N,0,1,,,,,,
2,,0,666,666,-666,-666,0,N,0,1,,,,,,
2,,0,666,666,-666,-666,0,N,0,1,,,,,,
2,,0,666,666,-666,-666,0,N,0,1,,,,,,
2,,0,666,666,-666,-666,0,N,0,1,,,,,,
2,,0,666,666,-666,-666,0,N,0,1,,,,,,
2,,0,666,666,-666,-666,0,N,0,1,,,,,,
2,,0,666,666,-666,-666,0,N,0,1,,,,,,
2,,0,666,666,-666,-666,0,N,0,1,,,,,,
2,,0,666,666,-666,-666,0,N,0,1,,,,,,
2,,0,666,666,-666,-666,0,N,0,1,,,,,,
2,,0,666,666,-666,-666,0,N,0,1,,,,,,
2,,0,666,666,-666,-666,0,N,0,1,,,,,,
2,,0,666,666,-666,-666,0,N,0,1,,,,,,
2,,0,666,666,-666,-666,0,N,0,1,,,,,,
2,,0,666,666,-666,-666,0,N,0,1,,,,,,
2,,0,666,666,-666,-666,0,N,0,1,,,,,,
2,,0,666,666,-666,-666,0,N,0,1,,,,,,
2,,0,666,666,-666,-666,0,N,0,1,,,,,,
2,,0,666,666,-666,-666,0,N,0,1,,,,,,
2,,0,666,666,-666,-666,0,N,0,1,,,,,,
2,,0,666,666,-666,-666,0,N,0,1,,,,,,
2,,0,666,666,-666,-666,0,N,0,1,,,,,,
2,,0,666,666,-666,-666,0,N,0,1,,,,,,
2,,0,666,666,-666,-666,0,N,0,1,,,,,,
2,,0,666,666,-666,-666,0,N,0,1,,,,,,
2,,0,666,666,-666,-666,0,N,0,1,,,,,,
2,,0,666,666,-666,-666,0,N,0,1,,,,,,
2,,0,666,666,-666,-666,0,N,0,1,,,,,,
2,,0,666,666,-666,-666,0,N,0,1,,,,,,
2,,0,666,666,-666,-666,0,N,0,1,,,,,,
2,,0,666,666,-666,-666,0,N,0,1,,,,,,
2,,0,666,666,-666,-666,0,N,0,1,,,,,,
2,,0,666,666,-666,-666,0,N,0,1,,,,,,
2,,0,666,666,-666,-666,0,N,0,1,,,,,,
2,,0,666,666,-666,-666,0,N,0,1,,,,,,
2,,0,666,666,-666,-666,0,N,0,1,,,,,,
2,,0,666,666,-666,-666,0,N,0,1,,,,,,
2,,0,666,666,-666,-666,0,N,0,1,,,,,,
2,,0,666,666,-666,-666,0,N,0,1,,,,,,
2,,0,666,666,-666,-666,0,N,0,1,,,,,,
2,,0,666,666,-666,-666,0,N,0,1,,,,,,
2,,0,666,666,-666,-666,0,N,0,1,,,,,,
2,,0,666,666,-666,-666,0,N,0,1,,,,,,
2,,0,666,666,-666,-666,0,N,0,1,,,,,,
2,,0,666,666,-666,-666,0,N,0,1,,,,,,
2,,0,666,666,-666,-666,0,N,0,1,,,,,,
2,,0,666,666,-666,-666,0,N,0,1,,,,,,
2,,0,666,666,-666,-666,0,N,0,1,,,,,,
2,,0,666,666,-666,-666,0,N,0,1,,,,,,
2,,0,666,666,-666,-666,0,N,0,1,,,,,,
2,,0,666,666,-666,-666,0,N,0,1,,,,,,
2,,0,666,666,-666,-666,0,N,0,1,,,,,,
2,,0,666,666,-666,-666,0,N,0,1,,,,,,
2,,0,666,666,-666,-666,0,N,0,1,,,,,,
2,,0,666,666,-666,-666,0,N,0,1,,,,,,
2,,0,666,666,-666,-666,0,N,0,1,,,,,,
2,,0,666,666,-666,-666,0,N,0,1,,,,,,
2,,0,666,666,-666,-666,0,N,0,1,,,,,,
2,,0,666,666,-666,-666,0,N,0,1,,,,,,
2,,0,666,666,-666,-666,0,N,0,1,,,,,,
2,,0,666,666,-666,-666,0,N,0,1,,,,,,
2,,0,666,666,-666,-666,0,N,0,1,,,,,,
2,,0,666,666,-666,-666,0,N,0,1,,,,,,
2,,0,666,666,-666,-666,0,N,0,1,,,,,,
2,,0,666,666,-666,-666,0,N,0,1,,,,,,
2,,0,666,666,-666,-666,0,N,0,1,,,,,,
2,,0,666,666,-666,-666,0,N,0,1,,,,,,
2,,0,666,666,-666,-666,0,N,0,1,,,,,,
2,,0,666,666,-666,-666,0,N,0,1,,,,,,
2,,0,666,666,-666,-666,0,N,0,1,,,,,,
2,,0,666,666,-666,-666,0,N,0,1,,,,,,
2,,0,666,666,-666,-666,0,N,0,1,,,,,,
2,,0,666,666,-666,-666,0,N,0,1,,,,,,
2,,0,666,666,-666,-666,0,N,0,1,,,,,,
2,,0,666,666,-666,-666,0,N,0,1,,,,,,
2,,0,666,666,-666,-666,0,N,0,1,,,,,,
2,,0,666,666,-666,-666,0,N,0,1,,,,,,
2,,0,666,666,-666,-666,0,N,0,1,,,,,,
2,,0,666,666,-666,-666,0,N,0,1,,,,,,
2,,0,666,666,-666,-666,0,N,0,1,,,,,,
2,,0,666,666,-666,-666,0,N,0,1,,,,,,
2,,0,666,666,-666,-666,0,N,0,1,,,,,,
2,,0,666,666,-666,-666,0,N,0,1,,,,,,
2,,0,666,666,-666,-666,0,N,0,1,,,,,,
2,,0,666,666,-666,-666,0,N,0,1,,,,,,
2,,0,666,666,-666,-666,0,N,0,1,,,,,,
2,,0,666,666,-666,-666,0,N,0,1,,,,,,
2,,0,666,666,-666,-666,0,N,0,1,,,,,,
2,,0,666,666,-666,-666,0,N,0,1,,,,,,
2,,0,666,666,-666,-666,0,N,0,1,,,,,,
2,,0,666,666,-666,-666,0,N,0,1,,,,,,
2,,0,666,666,-666,-666,0,N,0,1,,,,,,
2,,0,666,666,-666,-666,0,N,0,1,,,,,,
2,,0,666,666,-666,-666,0,N,0,1,,,,,,
2,,0,666,666,-666,-666,0,N,0,1,,,,,,
2,,0,666,666,-666,-666,0,N,0,1,,,,,,
2,,0,666,666,-666,-666,0,N,0,1,,,,,,
2,,0,666,666,-666,-666,0,N,0,1,,,,,,
2,,0,666,666,-666,-666,0,N,0,1,,,,,,
2,,0,666,666,-666,-666,0,N,0,1,,,,,,
2,,0,666,666,-666,-666,0,N,0,1,,,,,,
2,,0,666,666,-666,-666,0,N,0,1,,,,,,
2,,0,666,666,-666,-666,0,N,0,1,,,,,,
2,,0,666,666,-666,-666,0,N,0,1,,,,,,
2,,0,666,666,-666,-666,0,N,0,1,,,,,,
2,,0,666,666,-666,-666,0,N,0,1,,,,,,
2,,0,666,666,-666,-666,0,N,0,1,,,,,,
2,,0,666,666,-666,-666,0,N,0,1,,,,,,
2,,0,666,666,-666,-666,0,N,0,1,,,,,,
2,,0,666,666,-666,-666,0,N,0,1,,,,,,
2,,0,666,666,-666,-666,0,N,0,1,,,,,,
2,,0,666,666,-666,-666,0,N,0,1,,,,,,
2,,0,666,666,-666,-666,0,N,0,1,,,,,,
2,,0,666,666,-666,-666,0,N,0,1,,,,,,
2,,0,666,666,-666,-666,0,N,0,1,,,,,,
2,,0,666,666,-666,-666,0,N,0,1,,,,,,
2,,0,666,666,-666,-666,0,N,0,1,,,,,,
2,,0,666,666,-666,-666,0,N,0,1,,,,,,
2,,0,666,666,-666,-666,0,N,0,1,,,,,,
2,,0,666,666,-666,-666,0,N,0,1,,,,,,
2,,0,666,666,-666,-666,0,N,0,1,,,,,,
2,,0,666,666,-666,-666,0,N,0,1,,,,,,
2,,0,666,666,-666,-666,0,N,0,1,,,,,,
2,,0,666,666,-666,-666,0,N,0,1,,,,,,
2,,0,666,666,-666,-666,0,N,0,1,,,,,,
2,,0,666,666,-666,-666,0,N,0,1,,,,,,
2,,0,666,666,-666,-666,0,N,0,1,,,,,,
2,,0,666,666,-666,-666,0,N,0,1,,,,,,
2,,0,666,666,-666,-666,0,N,0,1,,,,,,
2,,0,666,666,-666,-666,0,N,0,1,,,,,,
2,,0,666,666,-666,-666,0,N,0,1,,,,,,
2,,0,666,666,-666,-666,0,N,0,1,,,,,,
2,,0,666,666,-666,-666,0,N,0,1,,,,,,
2,,0,666,666,-666,-666,0,N,0,1,,,,,,
2,,0,666,666,-666,-666,0,N,0,1,,,,,,
2,,0,666,666,-666,-666,0,N,0,1,,,,,,
2,,0,666,666,-666,-666,0,N,0,1,,,,,,
2,,0,666,666,-666,-666,0,N,0,1,,,,,,
2,,0,666,666,-666,-666,0,N,0,1,,,,,,
2,,0,666,666,-666,-666,0,N,0,1,,,,,,
2,,0,666,666,-666,-666,0,N,0,1,,,,,,
2,,0,666,666,-666,-666,0,N,0,1,,,,,,
2,,0,666,666,-666,-666,0,N,0,1,,,,,,
2,,0,666,666,-666,-666,0,N,0,1,,,,,,
2,,0,666,666,-666,-666,0,N,0,1,,,,,,
2,,0,666,666,-666,-666,0,N,0,1,,,,,,
2,,0,666,666,-666,-666,0,N,0,1,,,,,,
2,,0,666,666,-666,-666,0,N,0,1,,,,,,
2,,0,666,666,-666,-666,0,N,0,1,,,,,,
2,,0,666,666,-666,-666,0,N,0,1,,,,,,
2,,0,666,666,-666,-666,0,N,0,1,,,,,,
2,,0,666,666,-666,-666,0,N,0,1,,,,,,
2,,0,666,666,-666,-666,0,N,0,1,,,,,,
2,,0,666,666,-666,-666,0,N,0,1,,,,,,
2,,0,666,666,-666,-666,0,N,0,1,,,,,,
2,,0,666,666,-666,-666,0,N,0,1,,,,,,
2,,0,666,666,-666,-666,0,N,0,1,,,,,,
2,,0,666,666,-666,-666,0,N,0,1,,,,,,
2,,0,666,666,-666,-666,0,N,0,1,,,,,,
2,,0,666,666,-666,-666,0,N,0,1,,,,,,
2,,0,666,666,-666,-666,0,N,0,1,,,,,,
2,,0,666,666,-666,-666,0,N,0,1,,,,,,
2,,0,666,666,-666,-666,0,N,0,1,,,,,,
2,,0,666,666,-666,-666,0,N,0,1,,,,,,
2,,0,666,666,-666,-666,0,N,0,1,,,,,,
2,,0,666,666,-666,-666,0,N,0,1,,,,,,
2,,0,666,666,-666,-666,0,N,0,1,,,,,,
2,,0,666,666,-666,-666,0,N,0,1,,,,,,
2,,0,666,666,-666,-666,0,N,0,1,,,,,,
2,,0,666,666,-666,-666,0,N,0,1,,,,,,
2,,0,666,666,-666,-666,0,N,0,1,,,,,,
2,,0,666,666,-666,-666,0,N,0,1,,,,,,
2,,0,666,666,-666,-666,0,N,0,1,,,,,,
2,,0,666,666,-666,-666,0,N,0,1,,,,,,
2,,0,666,666,-666,-666,0,N,0,1,,,,,,
2,,0,666,666,-666,-666,0,N,0,1,,,,,,
2,,0,666,666,-666,-666,0,N,0,1,,,,,,
2,,0,666,666,-666,-666,0,N,0,1,,,,,,
2,,0,666,666,-666,-666,0,N,0,1,,,,,,
2,,0,666,666,-666,-666,0,N,0,1,,,,,,
2,,0,666,666,-666,-666,0,N,0,1,,,,,,
2,,0,666,666,-666,-666,0,N,0,1,,,,,,
2,,0,666,666,-666,-666,0,N,0,1,,,,,,
2,,0,666,666,-666,-666,0,N,0,1,,,,,,
2,,0,666,666,-666,-666,0,N,0,1,,,,,,
2,,0,666,666,-666,-666,0,N,0,1,,,,,,
2,,0,666,666,-666,-666,0,N,0,1,,,,,,
2,,0,666,666,-666,-666,0,N,0,1,,,,,,
2,,0,666,666,-666,-666,0,N,0,1,,,,,,
2,,0,666,666,-666,-666,0,N,0,1,,,,,,
2,,0,666,666,-666,-666,0,N,0,1,,,,,,
2,,0,666,666,-666,-666,0,N,0,1,,,,,,
2,,0,666,666,-666,-666,0,N,0,1,,,,,,
2,,0,666,666,-666,-666,0,N,0,1,,,,,,
2,,0,666,666,-666,-666,0,N,0,1,,,,,,
2,,0,666,666,-666,-666,0,N,0,1,,,,,,
2,,0,666,666,-666,-666,0,N,0,1,,,,,,
2,,0,666,666,-666,-666,0,N,0,1,,,,,,
2,,0,666,666,-666,-666,0,N,0,1,,,,,,
2,,0,666,666,-666,-666,0,N,0,1,,,,,,
2,,0,666,666,-666,-666,0,N,0,1,,,,,,
2,,0,666,666,-666,-666,0,N,0,1,,,,,,
2,,0,666,666,-666,-666,0,N,0,1,,,,,,
2,,0,666,666,-666,-666,0,N,0,1,,,,,,
2,,0,666,666,-666,-666,0,N,0,1,,,,,,
2,,0,666,666,-666,-666,0,N,0,1,,,,,,
2,,0,666,666,-666,-666,0,N,0,1,,,,,,
2,,0,666,666,-666,-666,0,N,0,1,,,,,,
2,,0,666,666,-666,-666,0,N,0,1,,,,,,
2,,0,666,666,-666,-666,0,N,0,1,,,,,,
2,,0,666,666,-666,-666,0,N,0,1,,,,,,
2,,0,666,666,-666,-666,0,N,0,1,,,,,,
2,,0,666,666,-666,-666,0,N,0,1,,,,,,
2,,0,666,666,-666,-666,0,N,0,1,,,,,,
2,,0,666,666,-666,-666,0,N,0,1,,,,,,
2,,0,666,666,-666,-666,0,N,0,1,,,,,,
2,,0,666,666,-666,-666,0,N,0,1,,,,,,
2,,0,666,666,-666,-666,0,N,0,1,,,,,,
2,,0,666,666,-666,-666,0,N,0,1,,,,,,
2,,0,666,666,-666,-666,0,N,0,1,,,,,,
2,,0,666,666,-666,-666,0,N,0,1,,,,,,
2,,0,666,666,-666,-666,0,N,0,1,,,,,,
2,,0,666,666,-666,-666,0,N,0,1,,,,,,
2,,0,666,666,-666,-666,0,N,0,1,,,,,,
2,,0,666,666,-666,-666,0,N,0,1,,,,,,
2,,0,666,666,-666,-666,0,N,0,1,,,,,,
2,,0,666,666,-666,-666,0,N,0,1,,,,,,
2,,0,666,666,-666,-666,0,N,0,1,,,,,,
2,,0,666,666,-666,-666,0,N,0,1,,,,,,
2,,0,666,666,-666,-666,0,N,0,1,,,,,,
2,,0,666,666,-666,-666,0,N,0,1,,,,,,
2,,0,666,666,-666,-666,0,N,0,1,,,,,,
2,,0,666,666,-666,-666,0,N,0,1,,,,,,
2,,0,666,666,-666,-666,0,N,0,1,,,,,,
2,,0,666,666,-666,-666,0,N,0,1,,,,,,
2,,0,666,666,-666,-666,0,N,0,1,,,,,,
2,,0,666,666,-666,-666,0,N,0,1,,,,,,
2,,0,666,666,-666,-666,0,N,0,1,,,,,,
2,,0,666,666,-666,-666,0,N,0,1,,,,,,
2,,0,666,666,-666,-666,0,N,0,1,,,,,,
2,,0,666,666,-666,-666,0,N,0,1,,,,,,
2,,0,666,666,-666,-666,0,N,0,1,,,,,,
2,,0,666,666,-666,-666,0,N,0,1,,,,,,
2,,0,666,666,-666,-666,0,N,0,1,,,,,,
2,,0,666,666,-666,-666,0,N,0,1,,,,,,
2,,0,666,666,-666,-666,0,N,0,1,,,,,,
2,,0,666,666,-666,-666,0,N,0,1,,,,,,
2,,0,666,666,-666,-666,0,N,0,1,,,,,,
2,,0,666,666,-666,-666,0,N,0,1,,,,,,
2,,0,666,666,-666,-666,0,N,0,1,,,,,,
2,,0,666,666,-666,-666,0,N,0,1,,,,,,
2,,0,666,666,-666,-666,0,N,0,1,,,,,,
2,,0,666,666,-666,-666,0,N,0,1,,,,,,
2,,0,666,666,-666,-666,0,N,0,1,,,,,,
2,,0,666,666,-666,-666,0,N,0,1,,,,,,
2,,0,666,666,-666,-666,0,N,0,1,,,,,,
2,,0,666,666,-666,-666,0,N,0,1,,,,,,
2,,0,666,666,-666,-666,0,N,0,1,,,,,,
2,,0,666,666,-666,-666,0,N,0,1,,,,,,
2,,0,666,666,-666,-666,0,N,0,1,,,,,,
2,,0,666,666,-666,-666,0,N,0,1,,,,,,
2,,0,666,666,-666,-666,0,N,0,1,,,,,,
2,,0,666,666,-666,-666,0,N,0,1,,,,,,
2,,0,666,666,-666,-666,0,N,0,1,,,,,,
2,,0,666,666,-666,-666,0,N,0,1,,,,,,
2,,0,666,666,-666,-666,0,N,0,1,,,,,,
2,,0,666,666,-666,-666,0,N,0,1,,,,,,
2,,0,666,666,-666,-666,0,N,0,1,,,,,,
2,,0,666,666,-666,-666,0,N,0,1,,,,,,
2,,0,666,666,-666,-666,0,N,0,1,,,,,,
2,,0,666,666,-666,-666,0,N,0,1,,,,,,
2,,0,666,666,-666,-666,0,N,0,1,,,,,,
2,,0,666,666,-666,-666,0,N,0,1,,,,,,
2,,0,666,666,-666,-666,0,N,0,1,,,,,,
2,,0,666,666,-666,-666,0,N,0,1,,,,,,
2,,0,666,666,-666,-666,0,N,0,1,,,,,,
2,,0,666,666,-666,-666,0,N,0,1,,,,,,
2,,0,666,666,-666,-666,0,N,0,1,,,,,,
2,,0,666,666,-666,-666,0,N,0,1,,,,,,
2,,0,666,666,-666,-666,0,N,0,1,,,,,,
2,,0,666,666,-666,-666,0,N,0,1,,,,,,
2,,0,666,666,-666,-666,0,N,0,1,,,,,,
2,,0,666,666,-666,-666,0,N,0,1,,,,,,
2,,0,666,666,-666,-666,0,N,0,1,,,,,,
2,,0,666,666,-666,-666,0,N,0,1,,,,,,
2,,0,666,666,-666,-666,0,N,0,1,,,,,,
2,,0,666,666,-666,-666,0,N,0,1,,,,,,
2,,0,666,666,-666,-666,0,N,0,1,,,,,,
2,,0,666,666,-666,-666,0,N,0,1,,,,,,
2,,0,666,666,-666,-666,0,N,0,1,,,,,,
2,,0,666,666,-666,-666,0,N,0,1,,,,,,
2,,0,666,666,-666,-666,0,N,0,1,,,,,,
2,,0,666,666,-666,-666,0,N,0,1,,,,,,
2,,0,666,666,-666,-666,0,N,0,1,,,,,,
2,,0,666,666,-666,-666,0,N,0,1,,,,,,
2,,0,666,666,-666,-666,0,N,0,1,,,,,,
2,,0,666,666,-666,-666,0,N,0,1,,,,,,
2,,0,666,666,-666,-666,0,N,0,1,,,,,,
2,,0,666,666,-666,-666,0,N,0,1,,,,,,
2,,0,666,666,-666,-666,0,N,0,1,,,,,,
2,,0,666,666,-666,-666,0,N,0,1,,,,,,
2,,0,666,666,-666,-666,0,N,0,1,,,,,,
2,,0,666,666,-666,-666,0,N,0,1,,,,,,
2,,0,666,666,-666,-666,0,N,0,1,,,,,,
2,,0,666,666,-666,-666,0,N,0,1,,,,,,
2,,0,666,666,-666,-666,0,N,0,1,,,,,,
2,,0,666,666,-666,-666,0,N,0,1,,,,,,
2,,0,666,666,-666,-666,0,N,0,1,,,,,,
2,,0,666,666,-666,-666,0,N,0,1,,,,,,
2,,0,666,666,-666,-666,0,N,0,1,,,,,,
2,,0,666,666,-666,-666,0,N,0,1,,,,,,
2,,0,666,666,-666,-666,0,N,0,1,,,,,,
2,,0,666,666,-666,-666,0,N,0,1,,,,,,
2,,0,666,666,-666,-666,0,N,0,1,,,,,,
2,,0,666,666,-666,-666,0,N,0,1,,,,,,
2,,0,666,666,-666,-666,0,N,0,1,,,,,,
2,,0,0,0,0,0,0,N,0,2,,,,,,
2,,0,0,0,0,0,0,N,0,2,,,,,,
2,,0,0,0,0,0,0,N,0,2,,,,,,
2,,0,0,0,0,0,0,N,0,2,,,,,,
2,,0,0,0,0,0,0,N,0,2,,,,,,
2,,0,0,0,0,0,0,N,0,2,,,,,,
2,,0,0,0,0,0,0,N,0,2,,,,,,
2,,0,0,0,0,0,0,N,0,2,,,,,,
2,,0,0,0,0,0,0,N,0,2,,,,,,
2,,0,0,0,0,0,0,N,0,2,,,,,,
2,,0,0,0,0,0,0,N,0,2,,,,,,
2,,0,0,0,0,0,0,N,0,2,,,,,,
2,,0,0,0,0,0,0,N,0,2,,,,,,
2,,0,0,0,0,0,0,N,0,2,,,,,,
2,,0,0,0,0,0,0,N,0,2,,,,,,
2,,0,0,0,0,0,0,N,0,2,,,,,,
2,,0,0,0,0,0,0,N,0,2,,,,,,
2,,0,0,0,0,0,0,N,0,2,,,,,,
2,,0,0,0,0,0,0,N,0,2,,,,,,
2,,0,0,0,0,0,0,N,0,2,,,,,,
2,,0,0,0,0,0,0,N,0,2,,,,,,
2,,0,0,0,0,0,0,N,0,2,,,,,,
2,,0,0,0,0,0,0,N,0,2,,,,,,
2,,0,0,0,0,0,0,N,0,2,,,,,,
2,,0,0,0,0,0,0,N,0,2,,,,,,
2,,0,0,0,0,0,0,N,0,2,,,,,,
2,,0,0,0,0,0,0,N,0,2,,,,,,
2,,0,0,0,0,0,0,N,0,2,,,,,,
2,,0,0,0,0,0,0,N,0,2,,,,,,
2,,0,0,0,0,0,0,N,0,2,,,,,,
2,,0,0,0,0,0,0,N,0,2,,,,,,
2,,0,0,0,0,0,0,N,0,2,,,,,,
2,,0,0,0,0,0,0,N,0,2,,,,,,
2,,0,0,0,0,0,0,N,0,2,,,,,,
2,,0,0,0,0,0,0,N,0,2,,,,,,
2,,0,0,0,0,0,0,N,0,2,,,,,,
2,,0,0,0,0,0,0,N,0,2,,,,,,
2,,0,0,0,0,0,0,N,0,2,,,,,,
2,,0,0,0,0,0,0,N,0,2,,,,,,
2,,0,0,0,0,0,0,N,0,2,,,,,,
2,,0,0,0,0,0,0,N,0,2,,,,,,
2,,0,0,0,0,0,0,N,0,2,,,,,,
2,,0,0,0,0,0,0,N,0,2,,,,,,
2,,0,0,0,0,0,0,N,0,2,,,,,,
2,,0,0,0,0,0,0,N,0,2,,,,,,
2,,0,0,0,0,0,0,N,0,2,,,,,,
2,,0,0,0,0,0,0,N,0,2,,,,,,
2,,0,0,0,0,0,0,N,0,2,,,,,,
2,,0,0,0,0,0,0,N,0,2,,,,,,
2,,0,0,0,0,0,0,N,0,2,,,,,,
2,,0,0,0,0,0,0,N,0,2,,,,,,
2,,0,0,0,0,0,0,N,0,2,,,,,,
2,,0,0,0,0,0,0,N,0,2,,,,,,
2,,0,0,0,0,0,0,N,0,2,,,,,,
2,,0,0,0,0,0,0,N,0,2,,,,,,
2,,0,0,0,0,0,0,N,0,2,,,,,,
2,,0,0,0,0,0,0,N,0,2,,,,,,
2,,0,0,0,0,0,0,N,0,2,,,,,,
2,,0,0,0,0,0,0,N,0,2,,,,,,
2,,0,0,0,0,0,0,N,0,2,,,,,,
2,,0,0,0,0,0,0,N,0,2,,,,,,
2,,0,0,0,0,0,0,N,0,2,,,,,,
2,,0,0,0,0,0,0,N,0,2,,,,,,
2,,0,0,0,0,0,0,N,0,2,,,,,,
2,,0,0,0,0,0,0,N,0,2,,,,,,
2,,0,0,0,0,0,0,N,0,2,,,,,,
2,,0,0,0,0,0,0,N,0,2,,,,,,
2,,0,0,0,0,0,0,N,0,2,,,,,,
2,,0,0,0,0,0,0,N,0,2,,,,,,
2,,0,0,0,0,0,0,N,0,2,,,,,,
2,,0,0,0,0,0,0,N,0,2,,,,,,
2,,0,0,0,0,0,0,N,0,2,,,,,,
2,,0,0,0,0,0,0,N,0,2,,,,,,
2,,0,0,0,0,0,0,N,0,2,,,,,,
2,,0,0,0,0,0,0,N,0,2,,,,,,
2,,0,0,0,0,0,0,N,0,2,,,,,,
2,,0,0,0,0,0,0,N,0,2,,,,,,
2,,0,0,0,0,0,0,N,0,2,,,,,,
2,,0,0,0,0,0,0,N,0,2,,,,,,
2,,0,0,0,0,0,0,N,0,2,,,,,,
2,,0,0,0,0,0,0,N,0,2,,,,,,
2,,0,0,0,0,0,0,N,0,2,,,,,,
2,,0,0,0,0,0,0,N,0,2,,,,,,
2,,0,0,0,0,0,0,N,0,2,,,,,,
2,,0,0,0,0,0,0,N,0,2,,,,,,
2,,0,0,0,0,0,0,N,0,2,,,,,,
2,,0,0,0,0,0,0,N,0,2,,,,,,
2,,0,0,0,0,0,0,N,0,2,,,,,,
2,,0,0,0,0,0,0,N,0,2,,,,,,
2,,0,0,0,0,0,0,N,0,2,,,,,,
2,,0,0,0,0,0,0,N,0,2,,,,,,
2,,0,0,0,0,0,0,N,0,2,,,,,,
2,,0,0,0,0,0,0,N,0,2,,,,,,
2,,0,0,0,0,0,0,N,0,2,,,,,,
2,,0,0,0,0,0,0,N,0,2,,,,,,
2,,0,0,0,0,0,0,N,0,2,,,,,,
2,,0,0,0,0,0,0,N,0,2,,,,,,
2,,0,0,0,0,0,0,N,0,2,,,,,,
2,,0,0,0,0,0,0,N,0,2,,,,,,
2,,0,0,0,0,0,0,N,0,2,,,,,,
2,,0,0,0,0,0,0,N,0,2,,,,,,
2,,0,0,0,0,0,0,N,0,2,,,,,,
2,,0,0,0,0,0,0,N,0,2,,,,,,
2,,0,0,0,0,0,0,N,0,2,,,,,,
2,,0,0,0,0,0,0,N,0,2,,,,,,
2,,0,0,0,0,0,0,N,0,2,,,,,,
2,,0,0,0,0,0,0,N,0,2,,,,,,
2,,0,0,0,0,0,0,N,0,2,,,,,,
2,,0,0,0,0,0,0,N,0,2,,,,,,
2,,0,0,0,0,0,0,N,0,2,,,,,,
2,,0,0,0,0,0,0,N,0,2,,,,,,
2,,0,0,0,0,0,0,N,0,2,,,,,,
2,,0,0,0,0,0,0,N,0,2,,,,,,
2,,0,0,0,0,0,0,N,0,2,,,,,,
2,,0,0,0,0,0,0,N,0,2,,,,,,
2,,0,0,0,0,0,0,N,0,2,,,,,,
2,,0,0,0,0,0,0,N,0,2,,,,,,
2,,0,0,0,0,0,0,N,0,2,,,,,,
2,,0,0,0,0,0,0,N,0,2,,,,,,
2,,0,0,0,0,0,0,N,0,2,,,,,,
2,,0,0,0,0,0,0,N,0,2,,,,,,
2,,0,0,0,0,0,0,N,0,2,,,,,,
2,,0,0,0,0,0,0,N,0,2,,,,,,
2,,0,7.2E-5,0,0,0,0,N,0,2,,,,,,
2,,0,7.2E-5,0,0,0,0,N,0,2,,,,,,
2,,0,7.2E-5,0,0,0,0,N,0,2,,,,,,
2,,0,7.2E-5,0,0,0,0,N,0,2,,,,,,
2,,0,7.2E-5,0,0,0,0,N,0,2,,,,,,
2,,0,7.2E-5,0,0,0,0,N,0,2,,,,,,
2,,0,7.2E-5,0,0,0,0,N,0,2,,,,,,
2,,0,7.2E-5,0,0,0,0,N,0,2,,,,,,
2,,0,7.2E-5,0,0,0,0,N,0,2,,,,,,
2,,0,7.2E-5,0,0,0,0,N,0,2,,,,,,
2,,0,7.2E-5,0,0,0,0,N,0,2,,,,,,
2,,0,7.2E-5,0,0,0,0,N,0,2,,,,,,
2,,0,7.2E-5,0,0,0,0,N,0,2,,,,,,
2,,0,7.2E-5,0,0,0,0,N,0,2,,,,,,
2,,0,7.2E-5,0,0,0,0,N,0,2,,,,,,
2,,0,7.2E-5,0,0,0,0,N,0,2,,,,,,
2,,0,7.2E-5,0,0,0,0,N,0,2,,,,,,
2,,0,52,4.31,0.02,0,0,N,0,2,,,,,,
2,,0,52,4.31,0.02,0,0,N,0,2,,,,,,
2,,0,52,4.31,0.02,0,0,N,0,2,,,,,,
2,,0,52,4.31,0.02,0,0,N,0,2,,,,,,
2,,0,52,4.31,0.02,0,0,N,0,2,,,,,,
2,,0,52,4.31,0.02,0,0,N,0,2,,,,,,
2,,0,52,4.31,0.02,0,0,N,0,2,,,,,,
2,,0,52,4.31,0.02,0,0,N,0,2,,,,,,
2,,0,52,4.31,0.02,0,0,N,0,2,,,,,,
2,,0,52,4.31,0.02,0,0,N,0,2,,,,,,
2,,0,52,4.31,0.02,0,0,N,0,2,,,,,,
2,,0,52,4.31,0.02,0,0,N,0,2,,,,,,
2,,0,52,4.31,0.02,0,0,N,0,2,,,,,,
2,,0,52,4.31,0.02,0,0,N,0,2,,,,,,
2,,0,52,4.31,0.02,0,0,N,0,2,,,,,,
2,,0,52,4.31,0.02,0,0,N,0,2,,,,,,
2,,0,52,4.31,0.02,0,0,N,0,2,,,,,,
2,,0,52,4.31,0.02,0,0,N,0,2,,,,,,
2,,0,52,4.31,0.02,0,0,N,0,2,,,,,,
2,,0,52,4.31,0.02,0,0,N,0,2,,,,,,
2,,0,52,4.31,0.02,0,0,N,0,2,,,,,,
2,,0,52,4.31,0.02,0,0,N,0,2,,,,,,
2,,0,52,4.31,0.02,0,0,N,0,2,,,,,,
2,,0,52,4.31,0.02,0,0,N,0,2,,,,,,
2,,0,52,4.31,0.02,0,0,N,0,2,,,,,,
2,,0,52,4.31,0.02,0,0,N,0,2,,,,,,
2,,0,52,4.31,0.02,0,0,N,0,2,,,,,,
2,,0,52,4.31,0.02,0,0,N,0,2,,,,,,
2,,0,52,4.31,0.02,0,0,N,0,2,,,,,,
2,,0,52,4.31,0.02,0,0,N,0,2,,,,,,
2,,0,52,4.31,0.02,0,0,N,0,2,,,,,,
2,,0,52,4.31,0.02,0,0,N,0,2,,,,,,
2,,0,52,4.31,0.02,0,0,N,0,2,,,,,,
2,,0,52,4.31,0.02,0,0,N,0,2,,,,,,
2,,0,52,4.31,0.02,0,0,N,0,2,,,,,,
2,,0,52,4.31,0.02,0,0,N,0,2,,,,,,
2,,0,52,4.31,0.02,0,0,N,0,2,,,,,,
2,,0,52,4.31,0.02,0,0,N,0,2,,,,,,
2,,0,52,4.31,0.02,0,0,N,0,2,,,,,,
2,,0,52,4.31,0.02,0,0,N,0,2,,,,,,
2,,0,52,4.31,0.02,0,0,N,0,2,,,,,,
2,,0,52,4.31,0.02,0,0,N,0,2,,,,,,
2,,0,52,4.31,0.02,0,0,N,0,2,,,,,,
2,,0,52,4.31,0.02,0,0,N,0,2,,,,,,
2,,0,52,4.31,0.02,0,0,N,0,2,,,,,,
2,,0,52,4.31,0.02,0,0,N,0,2,,,,,,
2,,0,52,4.31,0.02,0,0,N,0,2,,,,,,
2,,0,52,4.31,0.02,0,0,N,0,2,,,,,,
2,,0,52,4.31,0.02,0,0,N,0,2,,,,,,
2,,0,52,4.31,0.02,0,0,N,0,2,,,,,,
2,,0,52,4.31,0.02,0,0,N,0,2,,,,,,
2,,0,52,4.31,0.02,0,0,N,0,2,,,,,,
2,,0,52,4.31,0.02,0,0,N,0,2,,,,,,
2,,0,52,4.31,0.02,0,0,N,0,2,,,,,,
2,,0,52,4.31,0.02,0,0,N,0,2,,,,,,
2,,0,52,4.31,0.02,0,0,N,0,2,,,,,,
2,,0,52,4.31,0.02,0,0,N,0,2,,,,,,
2,,0,52,4.31,0.02,0,0,N,0,2,,,,,,
2,,0,52,4.31,0.02,0,0,N,0,2,,,,,,
2,,0,52,4.31,0.02,0,0,N,0,2,,,,,,
2,,0,52,4.31,0.02,0,0,N,0,2,,,,,,
2,,0,52,4.31,0.02,0,0,N,0,2,,,,,,
2,,0,52,4.31,0.02,0,0,N,0,2,,,,,,
2,,0,52,4.31,0.02,0,0,N,0,2,,,,,,
2,,0,52,4.31,0.02,0,0,N,0,2,,,,,,
2,,0,52,4.31,0.02,0,0,N,0,2,,,,,,
2,,0,52,4.31,0.02,0,0,N,0,2,,,,,,
2,,0,52,4.31,0.02,0,0,N,0,2,,,,,,
2,,0,52,4.31,0.02,0,0,N,0,2,,,,,,
2,,0,52,4.31,0.02,0,0,N,0,2,,,,,,
2,,0,52,4.31,0.02,0,0,N,0,2,,,,,,
2,,0,52,4.31,0.02,0,0,N,0,2,,,,,,
2,,0,52,4.31,0.02,0,0,N,0,2,,,,,,
2,,0,52,4.31,0.02,0,0,N,0,2,,,,,,
2,,0,52,4.31,0.02,0,0,N,0,2,,,,,,
2,,0,52,4.31,0.02,0,0,N,0,2,,,,,,
2,,0,52,4.31,0.02,0,0,N,0,2,,,,,,
2,,0,52,4.31,0.02,0,0,N,0,2,,,,,,
2,,0,52,4.31,0.02,0,0,N,0,2,,,,,,
2,,0,52,4.31,0.02,0,0,N,0,2,,,,,,
2,,0,52,4.31,0.02,0,0,N,0,2,,,,,,
2,,0,52,4.31,0.02,0,0,N,0,2,,,,,,
2,,0,52,4.31,0.02,0,0,N,0,2,,,,,,
2,,0,52,4.31,0.02,0,0,N,0,2,,,,,,
2,,0,52,4.31,0.02,0,0,N,0,2,,,,,,
2,,0,52,4.31,0.02,0,0,N,0,2,,,,,,
2,,0,52,4.31,0.02,0,0,N,0,2,,,,,,
2,,0,52,4.31,0.02,0,0,N,0,2,,,,,,
2,,0,52,4.31,0.02,0,0,N,0,2,,,,,,
2,,0,52,4.31,0.02,0,0,N,0,2,,,,,,
2,,0,52,4.31,0.02,0,0,N,0,2,,,,,,
2,,0,52,4.31,0.02,0,0,N,0,2,,,,,,
2,,0,52,4.31,0.02,0,0,N,0,2,,,,,,
2,,0,52,4.31,0.02,0,0,N,0,2,,,,,,
2,,0,52,4.31,0.02,0,0,N,0,2,,,,,,
2,,0,52,4.31,0.02,0,0,N,0,2,,,,,,
2,,0,52,4.31,0.02,0,0,N,0,2,,,,,,
2,,0,52,4.31,0.02,0,0,N,0,2,,,,,,
2,,0,52,4.31,0.02,0,0,N,0,2,,,,,,
2,,0,52,4.31,0.02,0,0,N,0,2,,,,,,
2,,0,52,4.31,0.02,0,0,N,0,2,,,,,,
2,,0,52,4.31,0.02,0,0,N,0,2,,,,,,
2,,0,52,4.31,0.02,0,0,N,0,2,,,,,,
2,,0,52,4.31,0.02,0,0,N,0,2,,,,,,
2,,0,52,4.31,0.02,0,0,N,0,2,,,,,,
2,,0,52,4.31,0.02,0,0,N,0,2,,,,,,
2,,0,52,4.31,0.02,0,0,N,0,2,,,,,,
2,,0,52,4.31,0.02,0,0,N,0,2,,,,,,
2,,0,52,4.31,0.02,0,0,N,0,2,,,,,,
2,,0,52,4.31,0.02,0,0,N,0,2,,,,,,
2,,0,52,4.31,0.02,0,0,N,0,2,,,,,,
2,,0,52,4.31,0.02,0,0,N,0,2,,,,,,
2,,0,52,4.31,0.02,0,0,N,0,2,,,,,,
2,,0,52,4.31,0.02,0,0,N,0,2,,,,,,
2,,0,52,4.31,0.02,0,0,N,0,2,,,,,,
2,,0,52,4.31,0.02,0,0,N,0,2,,,,,,
2,,0,52,4.31,0.02,0,0,N,0,2,,,,,,
2,,0,52,4.31,0.02,0,0,N,0,2,,,,,,
2,,0,52,4.31,0.02,0,0,N,0,2,,,,,,
2,,0,52,4.31,0.02,0,0,N,0,2,,,,,,
2,,0,52,4.31,0.02,0,0,N,0,2,,,,,,
2,,0,52,4.31,0.02,0,0,N,0,2,,,,,,
2,,0,52,4.31,0.02,0,0,N,0,2,,,,,,
2,,0,52,4.31,0.02,0,0,N,0,2,,,,,,
2,,0,52,4.31,0.02,0,0,N,0,2,,,,,,
2,,0,52,4.31,0.02,0,0,N,0,2,,,,,,
2,,0,52,4.31,0.02,0,0,N,0,2,,,,,,
2,,0,52,4.31,0.02,0,0,N,0,2,,,,,,
2,,0,52,4.31,0.02,0,0,N,0,2,,,,,,
